id,cast,release_year,duration_int,duration_type
hs1,,2021,,
hs2,,2020,94.0,min
hs3,,2021,108.0,min
hs4,,2021,97.0,min
hs5,,2021,104.0,min
hs6,,2021,1.0,season
hs7,,2020,88.0,min
hs8,,2021,1.0,season
hs9,,2021,1.0,season
hs10,,2003,3.0,season
hs11,,2021,1.0,season
hs12,,2020,113.0,min
hs13,,2021,,
hs14,,2021,1.0,season
hs15,,2021,1.0,season
hs16,,2011,,
hs17,,2015,1.0,season
hs18,,2012,1.0,season
hs19,,2020,1.0,season
hs20,,2011,6.0,season
hs21,,2020,87.0,min
hs22,,2009,7.0,season
hs23,,2016,2.0,season
hs24,,2019,2.0,season
hs25,,2015,4.0,season
hs26,,2017,1.0,season
hs27,,2017,88.0,min
hs28,,2010,3.0,season
hs29,,2019,2.0,season
hs30,,2014,3.0,season
hs31,,2018,1.0,season
hs32,,2021,84.0,min
hs33,,2019,1.0,season
hs34,,2017,4.0,season
hs35,,2021,95.0,min
hs36,,2006,15.0,season
hs37,,2021,2.0,season
hs38,,2020,,
hs39,,2017,101.0,min
hs40,,2021,1.0,season
hs41,,2020,,
hs42,,2018,1.0,season
hs43,,2021,97.0,min
hs44,,2020,93.0,min
hs45,,2021,1.0,season
hs46,,2019,2.0,season
hs47,,2013,105.0,min
hs48,,2021,94.0,min
hs49,,2020,1.0,season
hs50,,2009,12.0,season
hs51,,2020,,
hs52,,1963,1.0,season
hs53,,2021,105.0,min
hs54,,2021,1.0,season
hs55,,2021,1.0,season
hs56,,2019,,
hs57,,2021,,
hs58,,2018,,
hs59,,2009,8.0,season
hs60,,2009,,
hs61,,1981,2.0,season
hs62,,2015,99.0,min
hs63,,2020,1.0,season
hs64,,1993,112.0,min
hs65,,2002,124.0,min
hs66,,2017,112.0,min
hs67,,2021,,
hs68,,1975,23.0,season
hs69,,2005,,
hs70,,2000,,
hs71,,2021,1.0,season
hs72,,2001,145.0,min
hs73,,1997,125.0,min
hs74,,2001,157.0,min
hs75,,2021,1.0,season
hs76,,2020,2.0,season
hs77,,2020,2.0,season
hs78,,2021,41.0,min
hs79,,1972,89.0,min
hs80,,2019,5.0,season
hs81,,2011,87.0,min
hs82,,2003,80.0,min
hs83,,1983,99.0,min
hs84,,1994,90.0,min
hs85,,2002,94.0,min
hs86,,2004,93.0,min
hs87,,1995,116.0,min
hs88,,2010,102.0,min
hs89,,1987,101.0,min
hs90,,2011,100.0,min
hs91,,1993,97.0,min
hs92,,1962,110.0,min
hs93,,2021,104.0,min
hs94,,1979,112.0,min
hs95,,2004,113.0,min
hs96,,1990,114.0,min
hs97,,1964,115.0,min
hs98,,1995,130.0,min
hs99,,1965,110.0,min
hs100,,2006,101.0,min
hs101,,2011,100.0,min
hs102,,1987,102.0,min
hs103,,1994,99.0,min
hs104,,1989,133.0,min
hs105,,1999,99.0,min
hs106,,1998,130.0,min
hs107,,1979,93.0,min
hs108,,2004,91.0,min
hs109,,2017,,
hs110,,1997,105.0,min
hs111,,2013,95.0,min
hs112,,2002,101.0,min
hs113,,1984,108.0,min
hs114,,1985,121.0,min
hs115,,2012,96.0,min
hs116,,1998,93.0,min
hs117,,2006,,
hs118,,2002,107.0,min
hs119,,1993,105.0,min
hs120,,2000,103.0,min
hs121,,1995,109.0,min
hs122,,1998,93.0,min
hs123,,2004,112.0,min
hs124,,2007,98.0,min
hs125,,1982,113.0,min
hs126,,1984,105.0,min
hs127,,1986,119.0,min
hs128,,1989,106.0,min
hs129,,1991,110.0,min
hs130,,1996,111.0,min
hs131,,1994,118.0,min
hs132,,1998,103.0,min
hs133,,2002,117.0,min
hs134,,1979,130.0,min
hs135,,2018,5.0,season
hs136,,2002,104.0,min
hs137,,2005,111.0,min
hs138,,2000,91.0,min
hs139,,2006,136.0,min
hs140,,2012,181.0,min
hs141,,2013,182.0,min
hs142,,2014,108.0,min
hs143,,2015,128.0,min
hs144,,1998,138.0,min
hs145,,2003,4.0,season
hs146,,2007,96.0,min
hs147,,2003,115.0,min
hs148,,1975,99.0,min
hs149,,1997,116.0,min
hs150,,1977,126.0,min
hs151,,2009,106.0,min
hs152,,1987,119.0,min
hs153,,2004,108.0,min
hs154,,2012,104.0,min
hs155,,1973,104.0,min
hs156,,2012,118.0,min
hs157,,2017,100.0,min
hs158,,2015,110.0,min
hs159,,2007,108.0,min
hs160,,1994,126.0,min
hs161,,2016,88.0,min
hs162,,2016,72.0,min
hs163,,2007,96.0,min
hs164,,2005,16.0,season
hs165,,2017,8.0,season
hs166,,2021,1.0,season
hs167,,2021,,
hs168,,2021,,
hs169,,2020,96.0,min
hs170,,2021,,
hs171,,2018,5.0,season
hs172,,2021,84.0,min
hs173,,2021,1.0,season
hs174,,2011,12.0,season
hs175,,1999,20.0,season
hs176,,2021,1.0,season
hs177,,2021,2.0,season
hs178,,2018,4.0,season
hs179,,1989,2.0,season
hs180,,2021,1.0,season
hs181,,2011,1.0,season
hs182,,2017,93.0,min
hs183,,1999,23.0,season
hs184,,2012,5.0,season
hs185,,2018,90.0,min
hs186,,2020,4.0,season
hs187,,2021,1.0,season
hs188,,2021,1.0,season
hs189,,2019,106.0,min
hs190,,2021,2.0,season
hs191,,2018,1.0,season
hs192,,2021,1.0,season
hs193,,2013,9.0,season
hs194,,2019,6.0,season
hs195,,2021,1.0,season
hs196,,2020,1.0,season
hs197,,2005,1.0,season
hs198,,2003,2.0,season
hs199,,2014,2.0,season
hs200,,2014,2.0,season
hs201,,2017,3.0,season
hs202,,2010,97.0,min
hs203,,2013,8.0,season
hs204,,2016,1.0,season
hs205,,2014,1.0,season
hs206,,2021,1.0,season
hs207,,2021,1.0,season
hs208,,2004,,
hs209,,2020,4.0,season
hs210,,2021,1.0,season
hs211,,1999,4.0,season
hs212,,2018,110.0,min
hs213,,2020,116.0,min
hs214,,2020,86.0,min
hs215,,2018,101.0,min
hs216,,2017,1.0,season
hs217,,2019,3.0,season
hs218,,2018,,
hs219,,2015,97.0,min
hs220,,2000,75.0,min
hs221,,2020,1.0,season
hs222,,2021,1.0,season
hs223,,2020,95.0,min
hs224,,2018,110.0,min
hs225,,2018,144.0,min
hs226,,2014,,
hs227,,2014,,
hs228,,2012,,
hs229,,2015,,
hs230,,2021,1.0,season
hs231,,2018,112.0,min
hs232,,2021,26.0,min
hs233,,2021,1.0,season
hs234,,2019,3.0,season
hs235,,2020,105.0,min
hs236,,2021,,
hs237,,2019,1.0,season
hs238,,2021,1.0,season
hs239,,2019,2.0,season
hs240,,2008,99.0,min
hs241,,2017,2.0,season
hs242,,2019,2.0,season
hs243,,2021,1.0,season
hs244,,2021,,
hs245,,2016,128.0,min
hs246,,2019,2.0,season
hs247,,2021,1.0,season
hs248,,2021,,
hs249,,2013,1.0,season
hs250,,2017,138.0,min
hs251,,1979,,
hs252,,2021,,
hs253,,1999,,
hs254,,2019,102.0,min
hs255,,2021,,
hs256,,2021,1.0,season
hs257,,2020,90.0,min
hs258,,2019,76.0,min
hs259,,2020,101.0,min
hs260,,2007,2.0,season
hs261,,2021,1.0,season
hs262,,2021,1.0,season
hs263,,2021,129.0,min
hs264,,2020,,
hs265,,1986,83.0,min
hs266,,2003,119.0,min
hs267,,2009,112.0,min
hs268,,1990,101.0,min
hs269,,1967,126.0,min
hs270,,1999,103.0,min
hs271,,2021,1.0,season
hs272,,1993,111.0,min
hs273,,1995,98.0,min
hs274,,1997,86.0,min
hs275,,2010,101.0,min
hs276,,1982,95.0,min
hs277,,1984,91.0,min
hs278,,1997,106.0,min
hs279,,1962,99.0,min
hs280,,1986,115.0,min
hs281,,2010,106.0,min
hs282,,2013,106.0,min
hs283,,2015,92.0,min
hs284,,1990,115.0,min
hs285,,1997,116.0,min
hs286,,1963,127.0,min
hs287,,2015,113.0,min
hs288,,2014,139.0,min
hs289,,2013,109.0,min
hs290,,2011,118.0,min
hs291,,1974,83.0,min
hs292,,2011,87.0,min
hs293,,2017,,
hs294,,2002,117.0,min
hs295,,2015,79.0,min
hs296,,2008,121.0,min
hs297,,2015,102.0,min
hs298,,1990,192.0,min
hs299,,2011,110.0,min
hs300,,2003,121.0,min
hs301,,2021,1.0,season
hs302,,2012,83.0,min
hs303,,2001,106.0,min
hs304,,2014,113.0,min
hs305,,2001,131.0,min
hs306,,2004,130.0,min
hs307,,2001,123.0,min
hs308,,2012,92.0,min
hs309,,1976,125.0,min
hs310,,2016,110.0,min
hs311,,1998,122.0,min
hs312,,2008,90.0,min
hs313,,1997,104.0,min
hs314,,2021,,
hs315,,2021,1.0,season
hs316,,2021,1.0,season
hs317,,2016,1.0,season
hs318,,2014,2.0,season
hs319,,2018,1.0,season
hs320,,2020,91.0,min
hs321,,2016,3.0,season
hs322,,2021,82.0,min
hs323,,2008,7.0,season
hs324,,2019,1.0,season
hs325,,2020,92.0,min
hs326,,2020,101.0,min
hs327,,2021,109.0,min
hs328,,1993,,
hs329,,2021,107.0,min
hs330,,2011,10.0,season
hs331,,2009,12.0,season
hs332,,2017,114.0,min
hs333,,2020,83.0,min
hs334,,2020,109.0,min
hs335,,2017,3.0,season
hs336,,2017,3.0,season
hs337,,2019,2.0,season
hs338,,2018,1.0,season
hs339,,2017,2.0,season
hs340,,2021,1.0,season
hs341,,2021,1.0,season
hs342,,2021,1.0,season
hs343,,2012,4.0,season
hs344,,2021,1.0,season
hs345,,1994,3.0,season
hs346,,2004,7.0,season
hs347,,2021,81.0,min
hs348,,2020,105.0,min
hs349,,2020,2.0,season
hs350,,2018,98.0,min
hs351,,2014,4.0,season
hs352,,2000,,
hs353,,2021,1.0,season
hs354,,2018,133.0,min
hs355,,2007,7.0,season
hs356,,2006,,
hs357,,2003,,
hs358,,2013,8.0,season
hs359,,2016,3.0,season
hs360,,2020,79.0,min
hs361,,2020,1.0,season
hs362,,2021,,
hs363,,2020,94.0,min
hs364,,2021,92.0,min
hs365,,2016,5.0,season
hs366,,2021,1.0,season
hs367,,2017,92.0,min
hs368,,2021,110.0,min
hs369,,2012,83.0,min
hs370,,2021,1.0,season
hs371,,2018,1.0,season
hs372,,2017,,
hs373,,1998,5.0,season
hs374,,2021,1.0,season
hs375,,2021,1.0,season
hs376,,2009,,
hs377,,2013,,
hs378,,2020,4.0,season
hs379,,2021,,
hs380,,2021,1.0,season
hs381,,2019,2.0,season
hs382,,2015,6.0,season
hs383,,2015,6.0,season
hs384,,2021,1.0,season
hs385,,2008,123.0,min
hs386,,2007,113.0,min
hs387,,2011,82.0,min
hs388,,2010,88.0,min
hs389,,2005,91.0,min
hs390,,2011,88.0,min
hs391,,2010,108.0,min
hs392,,2021,106.0,min
hs393,,1995,134.0,min
hs394,,2012,97.0,min
hs395,,1979,95.0,min
hs396,,2011,107.0,min
hs397,,2010,81.0,min
hs398,,1957,,
hs399,,2016,3.0,season
hs400,,2018,1.0,season
hs401,,2011,91.0,min
hs402,,1996,114.0,min
hs403,,2012,106.0,min
hs404,,2012,131.0,min
hs405,,1981,101.0,min
hs406,,2016,5.0,season
hs407,,1953,135.0,min
hs408,,2004,90.0,min
hs409,,1987,95.0,min
hs410,,1995,94.0,min
hs411,,2015,91.0,min
hs412,,2002,105.0,min
hs413,,1980,97.0,min
hs414,,2019,2.0,season
hs415,,1958,1.0,season
hs416,,1965,122.0,min
hs417,,1998,170.0,min
hs418,,2015,91.0,min
hs419,,1991,112.0,min
hs420,,2014,119.0,min
hs421,,2003,113.0,min
hs422,,2009,162.0,min
hs423,,2016,99.0,min
hs424,,2021,76.0,min
hs425,,2020,79.0,min
hs426,,2008,1.0,season
hs427,,2011,101.0,min
hs428,,2020,115.0,min
hs429,,2021,,
hs430,,2021,1.0,season
hs431,,2020,1.0,season
hs432,,2021,1.0,season
hs433,,2020,1.0,season
hs434,,2019,1.0,season
hs435,,2021,2.0,season
hs436,,2021,1.0,season
hs437,,2014,97.0,min
hs438,,2013,90.0,min
hs439,,2021,1.0,season
hs440,,2015,87.0,min
hs441,,2013,113.0,min
hs442,,2011,129.0,min
hs443,,2014,87.0,min
hs444,,2021,108.0,min
hs445,,2020,90.0,min
hs446,,2014,94.0,min
hs447,,2013,95.0,min
hs448,,2012,104.0,min
hs449,,2016,93.0,min
hs450,,2021,1.0,season
hs451,,2012,122.0,min
hs452,,2020,79.0,min
hs453,,2013,122.0,min
hs454,,2015,136.0,min
hs455,,2014,72.0,min
hs456,,2012,83.0,min
hs457,,2015,95.0,min
hs458,,2017,4.0,season
hs459,,2020,3.0,season
hs460,,2020,3.0,season
hs461,,1998,,
hs462,,2017,4.0,season
hs463,,2015,7.0,season
hs464,,2017,89.0,min
hs465,,2021,,
hs466,,2021,,
hs467,,2021,107.0,min
hs468,,2019,,
hs469,,2018,4.0,season
hs470,,2013,93.0,min
hs471,,2021,,
hs472,,2019,,
hs473,,2021,40.0,min
hs474,,2008,13.0,season
hs475,,2001,5.0,season
hs476,,2017,133.0,min
hs477,,2019,80.0,min
hs478,,2016,4.0,season
hs479,,2021,1.0,season
hs480,,2021,108.0,min
hs481,,2020,1.0,season
hs482,,2021,1.0,season
hs483,,2020,1.0,season
hs484,,2020,1.0,season
hs485,,2020,92.0,min
hs486,,2021,112.0,min
hs487,,2021,105.0,min
hs488,,2021,109.0,min
hs489,,2021,117.0,min
hs490,,2021,118.0,min
hs491,,2021,1.0,season
hs492,,2021,95.0,min
hs493,,2010,94.0,min
hs494,,2007,100.0,min
hs495,,2017,93.0,min
hs496,,2017,,
hs497,,2014,79.0,min
hs498,,2014,45.0,min
hs499,,2005,95.0,min
hs500,,2019,102.0,min
hs501,,2017,94.0,min
hs502,,2011,98.0,min
hs503,,2018,,
hs504,,2003,125.0,min
hs505,,2017,103.0,min
hs506,,2018,135.0,min
hs507,,1999,93.0,min
hs508,,2016,80.0,min
hs509,,1993,145.0,min
hs510,,2016,98.0,min
hs511,,2017,,
hs512,,2000,101.0,min
hs513,,2013,87.0,min
hs514,,2017,,
hs515,,2014,108.0,min
hs516,,2018,102.0,min
hs517,,2014,81.0,min
hs518,,2001,131.0,min
hs519,,2005,93.0,min
hs520,,2017,,
hs521,,1974,93.0,min
hs522,,2016,100.0,min
hs523,,2013,79.0,min
hs524,,2016,127.0,min
hs525,,2015,82.0,min
hs526,,2020,2.0,season
hs527,,2017,106.0,min
hs528,,2004,106.0,min
hs529,,2011,92.0,min
hs530,,2016,83.0,min
hs531,,1998,112.0,min
hs532,,2019,98.0,min
hs533,,2004,80.0,min
hs534,,2007,95.0,min
hs535,,2016,95.0,min
hs536,,2016,105.0,min
hs537,,2020,1.0,season
hs538,,2015,94.0,min
hs539,,2011,6.0,season
hs540,,2016,92.0,min
hs541,,2013,88.0,min
hs542,,2016,129.0,min
hs543,,2020,72.0,min
hs544,,2017,93.0,min
hs545,,2017,118.0,min
hs546,,2011,121.0,min
hs547,,2012,101.0,min
hs548,,1974,114.0,min
hs549,,2013,92.0,min
hs550,,2017,88.0,min
hs551,,2000,112.0,min
hs552,,2011,152.0,min
hs553,,2020,2.0,season
hs554,,1996,5.0,season
hs555,,2016,106.0,min
hs556,,2014,83.0,min
hs557,,2003,116.0,min
hs558,,2010,102.0,min
hs559,,2004,97.0,min
hs560,,2003,121.0,min
hs561,,2012,89.0,min
hs562,,2006,86.0,min
hs563,,2009,92.0,min
hs564,,2019,2.0,season
hs565,,2021,,
hs566,,2013,88.0,min
hs567,,2012,127.0,min
hs568,,2021,,
hs569,,2020,1.0,season
hs570,,2021,,
hs571,,2020,1.0,season
hs572,,2007,102.0,min
hs573,,2017,86.0,min
hs574,,2021,1.0,season
hs575,,2021,85.0,min
hs576,,2021,1.0,season
hs577,,2021,93.0,min
hs578,,2020,2.0,season
hs579,,1997,2.0,season
hs580,,2021,1.0,season
hs581,,2018,,
hs582,,2021,,
hs583,,2021,1.0,season
hs584,,2020,2.0,season
hs585,,2017,105.0,min
hs586,,2020,1.0,season
hs587,,2013,14.0,season
hs588,,2020,1.0,season
hs589,,2021,1.0,season
hs590,,2020,1.0,season
hs591,,2011,5.0,season
hs592,,2010,2.0,season
hs593,,2012,96.0,min
hs594,,2021,1.0,season
hs595,,2021,,
hs596,,2020,97.0,min
hs597,,2021,1.0,season
hs598,,1980,3.0,season
hs599,,2020,2.0,season
hs600,,1999,1.0,season
hs601,,2021,86.0,min
hs602,,2020,1.0,season
hs603,,2015,7.0,season
hs604,,2020,1.0,season
hs605,,2020,1.0,season
hs606,,2020,93.0,min
hs607,,2010,5.0,season
hs608,,2012,1.0,season
hs609,,2015,3.0,season
hs610,,2014,146.0,min
hs611,,2020,91.0,min
hs612,,2021,99.0,min
hs613,,2014,7.0,season
hs614,,2020,1.0,season
hs615,,2013,1.0,season
hs616,,2020,91.0,min
hs617,,2021,1.0,season
hs618,,2019,104.0,min
hs619,,2021,1.0,season
hs620,,2021,,
hs621,,2021,1.0,season
hs622,,2021,89.0,min
hs623,,2021,,
hs624,,2020,105.0,min
hs625,,2020,2.0,season
hs626,,2021,1.0,season
hs627,,2016,5.0,season
hs628,,2021,,
hs629,,2020,1.0,season
hs630,,2010,11.0,season
hs631,,2019,1.0,season
hs632,,2018,2.0,season
hs633,,2021,94.0,min
hs634,,2019,95.0,min
hs635,,2020,2.0,season
hs636,,2020,95.0,min
hs637,,2005,11.0,season
hs638,,2017,2.0,season
hs639,,2021,,
hs640,,2021,1.0,season
hs641,,2016,2.0,season
hs642,,2019,1.0,season
hs643,,2020,1.0,season
hs644,,2021,1.0,season
hs645,,2021,,
hs646,,2018,4.0,season
hs647,,2021,109.0,min
hs648,,2020,93.0,min
hs649,,2006,1.0,season
hs650,,2017,2.0,season
hs651,,2012,1.0,season
hs652,,2002,111.0,min
hs653,,2021,91.0,min
hs654,,2019,1.0,season
hs655,,1963,97.0,min
hs656,,2000,95.0,min
hs657,,2021,1.0,season
hs658,,1963,112.0,min
hs659,,2020,1.0,season
hs660,,2020,1.0,season
hs661,,2008,93.0,min
hs662,,2008,119.0,min
hs663,,2000,128.0,min
hs664,,2019,121.0,min
hs665,,2019,1.0,season
hs666,,2016,161.0,min
hs667,,1997,118.0,min
hs668,,2011,107.0,min
hs669,,2004,88.0,min
hs670,,1999,87.0,min
hs671,,2002,96.0,min
hs672,,1995,106.0,min
hs673,,1973,125.0,min
hs674,,1993,95.0,min
hs675,,2011,94.0,min
hs676,,2020,2.0,season
hs677,,2020,99.0,min
hs678,,2020,105.0,min
hs679,,2021,,
hs680,,2014,2.0,season
hs681,,2019,90.0,min
hs682,,2010,8.0,season
hs683,,2017,1.0,season
hs684,,2021,1.0,season
hs685,,2020,2.0,season
hs686,,2019,2.0,season
hs687,,2016,1.0,season
hs688,,1999,2.0,season
hs689,,2017,5.0,season
hs690,,2021,1.0,season
hs691,,2021,1.0,season
hs692,,2018,3.0,season
hs693,,2019,1.0,season
hs694,,2019,1.0,season
hs695,,2007,4.0,season
hs696,,2013,29.0,season
hs697,,2020,108.0,min
hs698,,2021,1.0,season
hs699,,2021,1.0,season
hs700,,2012,93.0,min
hs701,,2021,1.0,season
hs702,,2020,1.0,season
hs703,,2020,95.0,min
hs704,,2020,95.0,min
hs705,,2018,1.0,season
hs706,,2012,110.0,min
hs707,,2021,,
hs708,,2020,86.0,min
hs709,,2021,1.0,season
hs710,,2019,75.0,min
hs711,,2019,,
hs712,,2019,1.0,season
hs713,,2012,85.0,min
hs714,,2021,1.0,season
hs715,,2013,114.0,min
hs716,,2017,112.0,min
hs717,,2013,88.0,min
hs718,,2021,,
hs719,,2019,,
hs720,,2020,106.0,min
hs721,,2019,85.0,min
hs722,,2020,83.0,min
hs723,,2021,1.0,season
hs724,,2012,89.0,min
hs725,,2020,101.0,min
hs726,,2020,1.0,season
hs727,,2021,,
hs728,,2021,1.0,season
hs729,,2020,83.0,min
hs730,,2012,143.0,min
hs731,,2013,6.0,season
hs732,,2013,7.0,season
hs733,,2020,98.0,min
hs734,,2013,2.0,season
hs735,,2020,1.0,season
hs736,,2020,106.0,min
hs737,,2012,139.0,min
hs738,,2017,90.0,min
hs739,,2014,3.0,season
hs740,,2006,4.0,season
hs741,,1999,112.0,min
hs742,,2019,1.0,season
hs743,,1994,108.0,min
hs744,,1996,109.0,min
hs745,,2019,2.0,season
hs746,,2021,109.0,min
hs747,,2013,113.0,min
hs748,,2015,2.0,season
hs749,,2010,98.0,min
hs750,,1994,110.0,min
hs751,,2013,6.0,season
hs752,,2004,94.0,min
hs753,,2007,94.0,min
hs754,,2012,6.0,season
hs755,,2019,1.0,season
hs756,,2015,113.0,min
hs757,,1995,96.0,min
hs758,,1997,124.0,min
hs759,,2002,139.0,min
hs760,,2014,142.0,min
hs761,,2020,105.0,min
hs762,,2021,,
hs763,,2016,116.0,min
hs764,,2017,4.0,season
hs765,,2021,,
hs766,,2021,1.0,season
hs767,,2014,11.0,season
hs768,,2020,102.0,min
hs769,,2021,,
hs770,,2019,98.0,min
hs771,,2019,136.0,min
hs772,,2020,92.0,min
hs773,,2021,1.0,season
hs774,,2021,1.0,season
hs775,,2021,,
hs776,,2003,131.0,min
hs777,,2020,1.0,season
hs778,,2021,1.0,season
hs779,,2021,,
hs780,,2020,,
hs781,,2021,1.0,season
hs782,,2020,87.0,min
hs783,,2020,92.0,min
hs784,,2009,3.0,season
hs785,,2021,1.0,season
hs786,,2020,85.0,min
hs787,,2021,85.0,min
hs788,,2019,63.0,min
hs789,,1955,6.0,season
hs790,,2010,10.0,season
hs791,,2020,102.0,min
hs792,,2020,1.0,season
hs793,,2015,7.0,season
hs794,,2021,1.0,season
hs795,,2021,1.0,season
hs796,,2021,1.0,season
hs797,,2012,87.0,min
hs798,,2020,102.0,min
hs799,,1933,4.0,season
hs800,,1953,2.0,season
hs801,,2020,105.0,min
hs802,,2020,,
hs803,,2021,,
hs804,,2020,104.0,min
hs805,,2021,103.0,min
hs806,,2013,2.0,season
hs807,,2020,92.0,min
hs808,,2021,1.0,season
hs809,,2020,86.0,min
hs810,,2020,130.0,min
hs811,,2019,84.0,min
hs812,,2020,90.0,min
hs813,,2021,,
hs814,,2018,2.0,season
hs815,,2008,,
hs816,,2016,89.0,min
hs817,,2021,1.0,season
hs818,,2021,1.0,season
hs819,,2008,12.0,season
hs820,,2021,102.0,min
hs821,,2003,113.0,min
hs822,,2016,98.0,min
hs823,,2020,1.0,season
hs824,,2006,1.0,season
hs825,,2021,42.0,min
hs826,,2014,6.0,season
hs827,,2017,106.0,min
hs828,,2000,17.0,season
hs829,,2019,1.0,season
hs830,,2006,8.0,season
hs831,,2020,1.0,season
hs832,,2013,10.0,season
hs833,,2020,1.0,season
hs834,,2015,2.0,season
hs835,,2014,5.0,season
hs836,,2018,104.0,min
hs837,,2004,120.0,min
hs838,,2004,93.0,min
hs839,,1991,98.0,min
hs840,,1993,93.0,min
hs841,,2012,98.0,min
hs842,,2020,1.0,season
hs843,,2020,1.0,season
hs844,,2019,1.0,season
hs845,,2017,3.0,season
hs846,,2020,1.0,season
hs847,,2020,128.0,min
hs848,,2017,,
hs849,,2020,1.0,season
hs850,,2003,4.0,season
hs851,,2012,4.0,season
hs852,,2016,5.0,season
hs853,,2019,77.0,min
hs854,,2021,82.0,min
hs855,,2020,2.0,season
hs856,,2018,103.0,min
hs857,,2019,114.0,min
hs858,,2020,81.0,min
hs859,,2018,102.0,min
hs860,,2020,96.0,min
hs861,,2020,2.0,season
hs862,,2017,3.0,season
hs863,,2011,6.0,season
hs864,,2020,1.0,season
hs865,,2012,8.0,season
hs866,,2020,93.0,min
hs867,,2020,85.0,min
hs868,,2021,1.0,season
hs869,,2018,3.0,season
hs870,,2021,1.0,season
hs871,,2018,3.0,season
hs872,,2021,1.0,season
hs873,,2020,2.0,season
hs874,,2020,86.0,min
hs875,,2020,117.0,min
hs876,,2018,,
hs877,,2015,,
hs878,,2017,82.0,min
hs879,,2019,86.0,min
hs880,,2019,110.0,min
hs881,,2021,,
hs882,,2017,,
hs883,,2019,97.0,min
hs884,,2018,65.0,min
hs885,,2020,119.0,min
hs886,,2019,97.0,min
hs887,,2020,82.0,min
hs888,,2016,2.0,season
hs889,,2016,1.0,season
hs890,,2019,123.0,min
hs891,,2019,88.0,min
hs892,,2008,2.0,season
hs893,,2018,133.0,min
hs894,,2020,70.0,min
hs895,,2020,89.0,min
hs896,,2020,97.0,min
hs897,,2020,,
hs898,,2020,102.0,min
hs899,,2020,108.0,min
hs900,,2021,72.0,min
hs901,,2021,1.0,season
hs902,,2021,1.0,season
hs903,,1994,1.0,season
hs904,,2018,2.0,season
hs905,,2007,13.0,season
hs906,,2018,2.0,season
hs907,,2017,2.0,season
hs908,,1998,4.0,season
hs909,,2021,,
hs910,,1991,5.0,season
hs911,,2018,1.0,season
hs912,,2020,,
hs913,,2009,,
hs914,,2019,1.0,season
hs915,,2021,,
hs916,,2019,108.0,min
hs917,,2016,87.0,min
hs918,,2020,94.0,min
hs919,,2020,117.0,min
hs920,,2018,109.0,min
hs921,,2021,94.0,min
hs922,,2020,84.0,min
hs923,,2019,121.0,min
hs924,,2018,1.0,season
hs925,,2021,1.0,season
hs926,,2021,1.0,season
hs927,,2006,17.0,season
hs928,,2012,83.0,min
hs929,,2016,,
hs930,,2020,2.0,season
hs931,,2003,95.0,min
hs932,,2017,3.0,season
hs933,,2006,104.0,min
hs934,,2016,99.0,min
hs935,,2016,111.0,min
hs936,,2018,2.0,season
hs937,,2021,,
hs938,,1998,3.0,season
hs939,,2021,130.0,min
hs940,,2020,109.0,min
hs941,,2021,1.0,season
hs942,,2012,96.0,min
hs943,,2015,1.0,season
hs944,,2021,1.0,season
hs945,,2021,,
hs946,,2021,,
hs947,,2019,3.0,season
hs948,,2020,99.0,min
hs949,,2021,,
hs950,,2021,1.0,season
hs951,,2017,119.0,min
hs952,,2017,1.0,season
hs953,,2007,19.0,season
hs954,,2021,1.0,season
hs955,,2019,103.0,min
hs956,,2021,,
hs957,,2016,6.0,season
hs958,,2010,14.0,season
hs959,,2020,1.0,season
hs960,,2020,1.0,season
hs961,,1999,30.0,season
hs962,,2006,22.0,season
hs963,,2019,1.0,season
hs964,,2020,97.0,min
hs965,,2020,86.0,min
hs966,,2009,2.0,season
hs967,,2011,6.0,season
hs968,,2020,1.0,season
hs969,,2020,88.0,min
hs970,,2020,1.0,season
hs971,,2017,123.0,min
hs972,,2019,2.0,season
hs973,,2019,1.0,season
hs974,,2019,81.0,min
hs975,,2021,1.0,season
hs976,,2021,,
hs977,,2021,,
hs978,,2021,1.0,season
hs979,,2020,114.0,min
hs980,,2012,5.0,season
hs981,,2021,84.0,min
hs982,,2011,95.0,min
hs983,,2017,3.0,season
hs984,,2020,98.0,min
hs985,,2021,,
hs986,,1996,6.0,season
hs987,,1994,6.0,season
hs988,,2018,,
hs989,,2018,98.0,min
hs990,,2020,106.0,min
hs991,,2020,2.0,season
hs992,,2020,,
hs993,,2020,,
hs994,,2020,,
hs995,,2009,11.0,season
hs996,,2020,1.0,season
hs997,,1975,,
hs998,,2020,,
hs999,,2007,3.0,season
hs1000,,2013,5.0,season
hs1001,,2013,3.0,season
hs1002,,2007,3.0,season
hs1003,,2015,90.0,min
hs1004,,2013,3.0,season
hs1005,,2020,104.0,min
hs1006,,2021,,
hs1007,,2009,103.0,min
hs1008,,2021,1.0,season
hs1009,,2011,,
hs1010,,2017,,
hs1011,,2019,2.0,season
hs1012,,2020,,
hs1013,,2019,2.0,season
hs1014,,2017,2.0,season
hs1015,,2020,2.0,season
hs1016,,1999,1.0,season
hs1017,,2017,98.0,min
hs1018,,2021,1.0,season
hs1019,,2021,90.0,min
hs1020,,2019,90.0,min
hs1021,,2021,,
hs1022,,2020,,
hs1023,,2020,1.0,season
hs1024,,2020,,
hs1025,,2019,1.0,season
hs1026,,2020,1.0,season
hs1027,,2010,3.0,season
hs1028,,2019,1.0,season
hs1029,,2019,1.0,season
hs1030,,2020,1.0,season
hs1031,,2019,1.0,season
hs1032,,2020,1.0,season
hs1033,,2021,1.0,season
hs1034,,1995,2.0,season
hs1035,,2015,3.0,season
hs1036,,2020,,
hs1037,,1960,2.0,season
hs1038,,2020,2.0,season
hs1039,,2020,98.0,min
hs1040,,2020,1.0,season
hs1041,,2021,,
hs1042,,2021,,
hs1043,,2019,2.0,season
hs1044,,2021,,
hs1045,,2011,9.0,season
hs1046,,2016,81.0,min
hs1047,,2020,110.0,min
hs1048,,2021,,
hs1049,,2021,,
hs1050,,2016,6.0,season
hs1051,,2012,8.0,season
hs1052,,2021,1.0,season
hs1053,,2016,,
hs1054,,2021,1.0,season
hs1055,,2018,2.0,season
hs1056,,2020,87.0,min
hs1057,,2021,1.0,season
hs1058,,2013,8.0,season
hs1059,,2012,8.0,season
hs1060,,2010,8.0,season
hs1061,,2021,,
hs1062,,2020,101.0,min
hs1063,,2019,2.0,season
hs1064,,2020,1.0,season
hs1065,,2017,1.0,season
hs1066,,1993,9.0,season
hs1067,,2021,1.0,season
hs1068,,2001,1.0,season
hs1069,,1978,1.0,season
hs1070,,2005,3.0,season
hs1071,,2010,93.0,min
hs1072,,1997,127.0,min
hs1073,,2021,,
hs1074,,2019,2.0,season
hs1075,,1984,107.0,min
hs1076,,2016,102.0,min
hs1077,,2010,121.0,min
hs1078,,2007,2.0,season
hs1079,,2020,94.0,min
hs1080,,2001,120.0,min
hs1081,,2016,122.0,min
hs1082,,2017,103.0,min
hs1083,,1957,5.0,season
hs1084,,1999,113.0,min
hs1085,,2015,98.0,min
hs1086,,2018,111.0,min
hs1087,,2019,2.0,season
hs1088,,2017,,
hs1089,,2017,,
hs1090,,2017,,
hs1091,,2020,,
hs1092,,2020,1.0,season
hs1093,,2018,117.0,min
hs1094,,2016,9.0,season
hs1095,,2016,,
hs1096,,2012,94.0,min
hs1097,,2020,,
hs1098,,2020,,
hs1099,,2014,,
hs1100,,2017,89.0,min
hs1101,,2020,91.0,min
hs1102,,2019,2.0,season
hs1103,,2020,1.0,season
hs1104,,2020,1.0,season
hs1105,,2020,1.0,season
hs1106,,2020,1.0,season
hs1107,,2020,1.0,season
hs1108,,2020,1.0,season
hs1109,,2020,,
hs1110,,2017,97.0,min
hs1111,,2020,,
hs1112,,2020,1.0,season
hs1113,,2020,1.0,season
hs1114,,2009,90.0,min
hs1115,,2019,,
hs1116,,2017,,
hs1117,,2016,,
hs1118,,2015,,
hs1119,,2020,,
hs1120,,2020,,
hs1121,,2020,108.0,min
hs1122,,2020,1.0,season
hs1123,,2020,106.0,min
hs1124,,2018,85.0,min
hs1125,,2019,80.0,min
hs1126,,2020,103.0,min
hs1127,,2013,4.0,season
hs1128,,2019,,
hs1129,,2020,100.0,min
hs1130,,2020,1.0,season
hs1131,,2019,,
hs1132,,2017,,
hs1133,,2016,85.0,min
hs1134,,2020,,
hs1135,,2019,,
hs1136,,2019,,
hs1137,,2020,1.0,season
hs1138,,2020,,
hs1139,,2020,85.0,min
hs1140,,2020,,
hs1141,,2020,88.0,min
hs1142,,2009,139.0,min
hs1143,,2017,98.0,min
hs1144,,2016,1.0,season
hs1145,,2011,2.0,season
hs1146,,2018,1.0,season
hs1147,,2015,2.0,season
hs1148,,2016,,
hs1149,,2006,149.0,min
hs1150,,2012,,
hs1151,,2015,2.0,season
hs1152,,2009,3.0,season
hs1153,,2020,106.0,min
hs1154,,2020,52.0,min
hs1155,,2020,,
hs1156,,2019,109.0,min
hs1157,,2020,102.0,min
hs1158,,2019,2.0,season
hs1159,,2020,,
hs1160,,2020,1.0,season
hs1161,,2020,,
hs1162,,2016,2.0,season
hs1163,,2018,3.0,season
hs1164,,2020,1.0,season
hs1165,,2020,89.0,min
hs1166,,2020,102.0,min
hs1167,,2020,,
hs1168,,2020,100.0,min
hs1169,,2020,2.0,season
hs1170,,2020,,
hs1171,,2019,2.0,season
hs1172,,2020,97.0,min
hs1173,,2018,111.0,min
hs1174,,2020,102.0,min
hs1175,,2019,,
hs1176,,2019,,
hs1177,,2020,94.0,min
hs1178,,2019,89.0,min
hs1179,,2012,,
hs1180,,2017,93.0,min
hs1181,,2017,80.0,min
hs1182,,2020,,
hs1183,,2020,,
hs1184,,2016,86.0,min
hs1185,,2015,,
hs1186,,2015,90.0,min
hs1187,,2017,,
hs1188,,2013,,
hs1189,,2020,1.0,season
hs1190,,2018,80.0,min
hs1191,,2012,83.0,min
hs1192,,2020,,
hs1193,,2013,134.0,min
hs1194,,2016,1.0,season
hs1195,,2016,1.0,season
hs1196,,2020,97.0,min
hs1197,,2020,97.0,min
hs1198,,2018,1.0,season
hs1199,,2017,1.0,season
hs1200,,2020,,
hs1201,,2016,1.0,season
hs1202,,2018,1.0,season
hs1203,,2013,109.0,min
hs1204,,2016,6.0,season
hs1205,,2016,1.0,season
hs1206,,2012,1.0,season
hs1207,,2015,1.0,season
hs1208,,2013,1.0,season
hs1209,,2019,,
hs1210,,2017,104.0,min
hs1211,,2020,,
hs1212,,2020,1.0,season
hs1213,,2011,80.0,min
hs1214,,2016,5.0,season
hs1215,,2019,82.0,min
hs1216,,2020,1.0,season
hs1217,,2016,116.0,min
hs1218,,2020,1.0,season
hs1219,,2020,1.0,season
hs1220,,2018,92.0,min
hs1221,,2020,,
hs1222,,2019,1.0,season
hs1223,,2018,3.0,season
hs1224,,2020,1.0,season
hs1225,,2020,1.0,season
hs1226,,2009,10.0,season
hs1227,,2020,,
hs1228,,2020,1.0,season
hs1229,,2020,,
hs1230,,2020,85.0,min
hs1231,,2019,1.0,season
hs1232,,2017,72.0,min
hs1233,,2017,4.0,season
hs1234,,2008,12.0,season
hs1235,,2014,2.0,season
hs1236,,2020,,
hs1237,,2017,89.0,min
hs1238,,2017,87.0,min
hs1239,,2017,77.0,min
hs1240,,2017,2.0,season
hs1241,,2017,102.0,min
hs1242,,2017,2.0,season
hs1243,,2018,97.0,min
hs1244,,2017,1.0,season
hs1245,,2018,,
hs1246,,2017,,
hs1247,,2018,,
hs1248,,2003,97.0,min
hs1249,,1986,105.0,min
hs1250,,2017,1.0,season
hs1251,,2015,4.0,season
hs1252,,1997,127.0,min
hs1253,,2018,1.0,season
hs1254,,2000,106.0,min
hs1255,,2021,115.0,min
hs1256,,1999,108.0,min
hs1257,,2018,86.0,min
hs1258,,2019,104.0,min
hs1259,,2013,4.0,season
hs1260,,2016,,
hs1261,,2007,7.0,season
hs1262,,2010,120.0,min
hs1263,,2012,136.0,min
hs1264,,2014,117.0,min
hs1265,,2017,,
hs1266,,2017,98.0,min
hs1267,,2020,,
hs1268,,2017,,
hs1269,,2020,,
hs1270,,2020,1.0,season
hs1271,,2015,6.0,season
hs1272,,2016,5.0,season
hs1273,,2020,,
hs1274,,2020,,
hs1275,,2016,5.0,season
hs1276,,2017,,
hs1277,,2019,1.0,season
hs1278,,2017,1.0,season
hs1279,,2017,1.0,season
hs1280,,2020,1.0,season
hs1281,,2017,4.0,season
hs1282,,2017,1.0,season
hs1283,,2018,3.0,season
hs1284,,2017,1.0,season
hs1285,,2020,,
hs1286,,2020,1.0,season
hs1287,,2020,,
hs1288,,2012,110.0,min
hs1289,,2010,2.0,season
hs1290,,2020,103.0,min
hs1291,,2015,1.0,season
hs1292,,2019,,
hs1293,,2018,1.0,season
hs1294,,2019,1.0,season
hs1295,,2017,1.0,season
hs1296,,2019,1.0,season
hs1297,,2019,1.0,season
hs1298,,2019,1.0,season
hs1299,,2019,1.0,season
hs1300,,2017,1.0,season
hs1301,,2019,1.0,season
hs1302,,2010,1.0,season
hs1303,,2018,1.0,season
hs1304,,2018,113.0,min
hs1305,,2020,23.0,min
hs1306,,1962,60.0,min
hs1307,,2012,92.0,min
hs1308,,2016,4.0,season
hs1309,,2013,3.0,season
hs1310,,2011,1.0,season
hs1311,,2020,124.0,min
hs1312,,2020,1.0,season
hs1313,,2016,92.0,min
hs1314,,2020,1.0,season
hs1315,,2013,4.0,season
hs1316,,2020,,
hs1317,,2014,91.0,min
hs1318,,2020,99.0,min
hs1319,,2020,1.0,season
hs1320,,2003,120.0,min
hs1321,,2019,101.0,min
hs1322,,2019,89.0,min
hs1323,,2020,1.0,season
hs1324,,2018,2.0,season
hs1325,,2018,2.0,season
hs1326,,2019,1.0,season
hs1327,,2019,1.0,season
hs1328,,2012,86.0,min
hs1329,,2015,1.0,season
hs1330,,2020,1.0,season
hs1331,,2017,1.0,season
hs1332,,2010,5.0,season
hs1333,,2020,100.0,min
hs1334,,2020,,
hs1335,,2000,114.0,min
hs1336,,2009,89.0,min
hs1337,,2019,128.0,min
hs1338,,2020,107.0,min
hs1339,,2014,7.0,season
hs1340,,2016,109.0,min
hs1341,,2015,1.0,season
hs1342,,2020,1.0,season
hs1343,,2020,,
hs1344,,2020,1.0,season
hs1345,,2020,,
hs1346,,2020,1.0,season
hs1347,,2014,7.0,season
hs1348,,2017,4.0,season
hs1349,,2015,87.0,min
hs1350,,2006,5.0,season
hs1351,,2004,108.0,min
hs1352,,2018,90.0,min
hs1353,,2018,4.0,season
hs1354,,2005,105.0,min
hs1355,,2015,4.0,season
hs1356,,2011,,
hs1357,,2020,1.0,season
hs1358,,2019,1.0,season
hs1359,,2019,106.0,min
hs1360,,2019,92.0,min
hs1361,,2020,1.0,season
hs1362,,2019,1.0,season
hs1363,,2019,1.0,min
hs1364,,2014,92.0,min
hs1365,,2007,135.0,min
hs1366,,2020,,
hs1367,,2019,1.0,season
hs1368,,2020,91.0,min
hs1369,,2008,130.0,min
hs1370,,2017,89.0,min
hs1371,,2020,1.0,season
hs1372,,2020,1.0,season
hs1373,,2020,1.0,season
hs1374,,2019,84.0,min
hs1375,,2019,87.0,min
hs1376,,2014,,
hs1377,,2014,4.0,season
hs1378,,2020,1.0,season
hs1379,,2019,118.0,min
hs1380,,2017,3.0,season
hs1381,,2017,3.0,season
hs1382,,2020,1.0,season
hs1383,,2018,2.0,season
hs1384,,2020,1.0,season
hs1385,,2014,5.0,season
hs1386,,2018,1.0,season
hs1387,,2020,1.0,season
hs1388,,2019,87.0,min
hs1389,,2013,,
hs1390,,2020,,
hs1391,,2018,75.0,min
hs1392,,2019,118.0,min
hs1393,,2019,2.0,season
hs1394,,2018,88.0,min
hs1395,,2019,117.0,min
hs1396,,2019,2.0,season
hs1397,,2019,91.0,min
hs1398,,2020,98.0,min
hs1399,,2002,81.0,min
hs1400,,2010,91.0,min
hs1401,,2015,80.0,min
hs1402,,2016,91.0,min
hs1403,,2020,1.0,season
hs1404,,2018,108.0,min
hs1405,,2013,5.0,season
hs1406,,2020,1.0,season
hs1407,,2020,1.0,season
hs1408,,2013,153.0,min
hs1409,,2020,1.0,season
hs1410,,2019,2.0,season
hs1411,,2019,,
hs1412,,2020,,
hs1413,,2020,105.0,min
hs1414,,2020,1.0,season
hs1415,,2020,,
hs1416,,2016,121.0,min
hs1417,,2019,110.0,min
hs1418,,2018,111.0,min
hs1419,,2014,4.0,season
hs1420,,1989,127.0,min
hs1421,,2019,100.0,min
hs1422,,2008,91.0,min
hs1423,,2018,101.0,min
hs1424,,2018,98.0,min
hs1425,,2020,91.0,min
hs1426,,2019,1.0,season
hs1427,,2019,97.0,min
hs1428,,2019,100.0,min
hs1429,,2020,98.0,min
hs1430,,2020,1.0,season
hs1431,,2020,1.0,season
hs1432,,2013,2.0,season
hs1433,,2018,3.0,season
hs1434,,2019,,
hs1435,,1985,2.0,season
hs1436,,2011,1.0,season
hs1437,,2017,,
hs1438,,2012,97.0,min
hs1439,,2020,86.0,min
hs1440,,2019,2.0,season
hs1441,,2017,1.0,season
hs1442,,2016,1.0,season
hs1443,,2013,109.0,min
hs1444,,2019,99.0,min
hs1445,,2019,107.0,min
hs1446,,2020,1.0,season
hs1447,,2016,,
hs1448,,2019,86.0,min
hs1449,,2019,99.0,min
hs1450,,2019,2.0,season
hs1451,,2019,97.0,min
hs1452,,2020,,
hs1453,,2020,,
hs1454,,2020,,
hs1455,,2019,104.0,min
hs1456,,2019,97.0,min
hs1457,,2018,1.0,season
hs1458,,2019,102.0,min
hs1459,,2019,,
hs1460,,2019,92.0,min
hs1461,,2020,,
hs1462,,2014,99.0,min
hs1463,,2007,90.0,min
hs1464,,1991,114.0,min
hs1465,,2019,,
hs1466,,2010,,
hs1467,,2013,,
hs1468,,2012,,
hs1469,,2016,,
hs1470,,2018,,
hs1471,,2009,1.0,season
hs1472,,2013,,
hs1473,,1985,89.0,min
hs1474,,2012,95.0,min
hs1475,,2000,111.0,min
hs1476,,2015,5.0,season
hs1477,,2013,107.0,min
hs1478,,2006,87.0,min
hs1479,,2020,,
hs1480,,2008,,
hs1481,,2009,3.0,season
hs1482,,2020,,
hs1483,,2019,,
hs1484,,2020,,
hs1485,,2019,,
hs1486,,2018,,
hs1487,,2019,,
hs1488,,2020,,
hs1489,,2019,1.0,season
hs1490,,2019,,
hs1491,,2020,,
hs1492,,2018,2.0,season
hs1493,,2018,2.0,season
hs1494,,2020,,
hs1495,,2012,110.0,min
hs1496,,2020,,
hs1497,,2020,,
hs1498,,2020,,
hs1499,,2019,,
hs1500,,2019,90.0,min
hs1501,,2019,,
hs1502,,2019,,
hs1503,,2020,1.0,season
hs1504,,2020,,
hs1505,,2020,,
hs1506,,2020,,
hs1507,,2019,116.0,min
hs1508,,2018,6.0,season
hs1509,,2019,87.0,min
hs1510,,2020,,
hs1511,,2019,101.0,min
hs1512,,2017,3.0,season
hs1513,,2020,106.0,min
hs1514,,2020,86.0,min
hs1515,,2019,98.0,min
hs1516,,2019,99.0,min
hs1517,,2020,86.0,min
hs1518,,2019,151.0,min
hs1519,,2018,86.0,min
hs1520,,2017,,
hs1521,,2001,,
hs1522,,2002,,
hs1523,,2019,46.0,min
hs1524,,2020,1.0,season
hs1525,,1993,,
hs1526,,2008,2.0,season
hs1527,,2020,1.0,season
hs1528,,2019,,
hs1529,,2013,5.0,season
hs1530,,2015,1.0,season
hs1531,,2019,1.0,season
hs1532,,2016,94.0,min
hs1533,,2019,1.0,season
hs1534,,2020,1.0,season
hs1535,,2016,1.0,season
hs1536,,2017,1.0,season
hs1537,,2017,1.0,season
hs1538,,2020,1.0,season
hs1539,,2017,1.0,season
hs1540,,2019,4.0,season
hs1541,,2020,1.0,season
hs1542,,2019,,
hs1543,,2018,151.0,min
hs1544,,2019,,
hs1545,,2020,1.0,season
hs1546,,2019,1.0,season
hs1547,,2019,1.0,season
hs1548,,2015,4.0,season
hs1549,,2019,1.0,season
hs1550,,2016,105.0,min
hs1551,,2017,,
hs1552,,2019,1.0,season
hs1553,,2019,1.0,season
hs1554,,2005,4.0,season
hs1555,,2017,1.0,season
hs1556,,2019,1.0,season
hs1557,,2017,109.0,min
hs1558,,2019,1.0,season
hs1559,,2019,1.0,season
hs1560,,2017,95.0,min
hs1561,,2019,1.0,season
hs1562,,2017,1.0,season
hs1563,,2014,97.0,min
hs1564,,2019,1.0,season
hs1565,,2019,1.0,season
hs1566,,2017,3.0,season
hs1567,,2019,1.0,season
hs1568,,2011,128.0,min
hs1569,,2019,100.0,min
hs1570,,2020,,
hs1571,,2020,,
hs1572,,2020,1.0,season
hs1573,,2018,86.0,min
hs1574,,2008,5.0,season
hs1575,,2019,102.0,min
hs1576,,2017,91.0,min
hs1577,,2020,,
hs1578,,2017,81.0,min
hs1579,,2020,,
hs1580,,2019,,
hs1581,,2019,87.0,min
hs1582,,2020,1.0,season
hs1583,,2020,1.0,season
hs1584,,2018,1.0,season
hs1585,,2017,4.0,season
hs1586,,1996,7.0,season
hs1587,,2010,1.0,season
hs1588,,2019,,
hs1589,,2015,112.0,min
hs1590,,2019,,
hs1591,,2015,102.0,min
hs1592,,2019,90.0,min
hs1593,,2019,112.0,min
hs1594,,2020,1.0,season
hs1595,,2020,89.0,min
hs1596,,2017,114.0,min
hs1597,,2017,,
hs1598,,2016,46.0,min
hs1599,,1994,,
hs1600,,1992,,
hs1601,,1999,,
hs1602,,1998,46.0,min
hs1603,,1994,,
hs1604,,2013,40.0,min
hs1605,,2018,42.0,min
hs1606,,2002,,
hs1607,,1996,,
hs1608,,1985,37.0,min
hs1609,,2013,7.0,season
hs1610,,2017,2.0,season
hs1611,,2019,,
hs1612,,2019,1.0,season
hs1613,,2019,100.0,min
hs1614,,2020,107.0,min
hs1615,,2018,2.0,season
hs1616,,2019,,
hs1617,,2018,,
hs1618,,2019,109.0,min
hs1619,,2020,1.0,season
hs1620,,2015,,
hs1621,,2014,86.0,min
hs1622,,2016,,
hs1623,,2010,7.0,season
hs1624,,2009,6.0,season
hs1625,,2004,83.0,min
hs1626,,2002,107.0,min
hs1627,,1982,,
hs1628,,2007,87.0,min
hs1629,,2020,,
hs1630,,2014,,
hs1631,,2017,1.0,season
hs1632,,2014,,
hs1633,,2002,121.0,min
hs1634,,2004,128.0,min
hs1635,,2015,92.0,min
hs1636,,2016,3.0,season
hs1637,,2018,87.0,min
hs1638,,2019,,
hs1639,,2018,2.0,season
hs1640,,2015,2.0,season
hs1641,,2017,1.0,season
hs1642,,2015,4.0,season
hs1643,,2017,1.0,season
hs1644,,2012,5.0,season
hs1645,,2012,2.0,season
hs1646,,2020,116.0,min
hs1647,,2019,1.0,season
hs1648,,2019,,
hs1649,,2019,87.0,min
hs1650,,2020,,
hs1651,,2019,,
hs1652,,2020,,
hs1653,,2018,2.0,season
hs1654,,2019,90.0,min
hs1655,,2019,121.0,min
hs1656,,2020,,
hs1657,,2019,,
hs1658,,2015,3.0,season
hs1659,,2019,,
hs1660,,2019,81.0,min
hs1661,,2019,,
hs1662,,2015,,
hs1663,,2019,,
hs1664,,2013,,
hs1665,,2019,,
hs1666,,2015,124.0,min
hs1667,,2019,1.0,season
hs1668,,2018,75.0,min
hs1669,,2012,7.0,season
hs1670,,2019,,
hs1671,,2016,4.0,season
hs1672,,2017,4.0,season
hs1673,,1999,1.0,season
hs1674,,2000,1.0,season
hs1675,,2003,1.0,season
hs1676,,2001,1.0,season
hs1677,,2012,2.0,season
hs1678,,2017,109.0,min
hs1679,,2018,96.0,min
hs1680,,2013,2.0,season
hs1681,,2018,91.0,min
hs1682,,2018,,
hs1683,,2020,1.0,season
hs1684,,2009,2.0,season
hs1685,,1997,7.0,season
hs1686,,2020,,
hs1687,,2017,3.0,season
hs1688,,2015,5.0,season
hs1689,,2020,80.0,min
hs1690,,2020,,
hs1691,,2016,1.0,season
hs1692,,2019,94.0,min
hs1693,,2019,98.0,min
hs1694,,2019,113.0,min
hs1695,,2020,,
hs1696,,2015,127.0,min
hs1697,,2019,108.0,min
hs1698,,2011,6.0,season
hs1699,,2019,94.0,min
hs1700,,2020,,
hs1701,,2020,1.0,season
hs1702,,2019,,
hs1703,,2019,2.0,season
hs1704,,2017,,
hs1705,,2016,119.0,min
hs1706,,2020,,
hs1707,,2017,,
hs1708,,2017,,
hs1709,,2016,85.0,min
hs1710,,2016,,
hs1711,,2015,,
hs1712,,2017,95.0,min
hs1713,,2017,98.0,min
hs1714,,2017,120.0,min
hs1715,,2019,91.0,min
hs1716,,2017,1.0,season
hs1717,,2019,93.0,min
hs1718,,2020,,
hs1719,,2016,96.0,min
hs1720,,1970,,
hs1721,,2020,,
hs1722,,2011,84.0,min
hs1723,,2016,,
hs1724,,2007,101.0,min
hs1725,,2017,,
hs1726,,2019,,
hs1727,,2014,1.0,season
hs1728,,2019,1.0,season
hs1729,,2019,99.0,min
hs1730,,2019,,
hs1731,,2011,125.0,min
hs1732,,2000,110.0,min
hs1733,,2007,102.0,min
hs1734,,2014,120.0,min
hs1735,,2006,85.0,min
hs1736,,2008,115.0,min
hs1737,,2011,135.0,min
hs1738,,2009,129.0,min
hs1739,,2019,132.0,min
hs1740,,2006,120.0,min
hs1741,,2012,101.0,min
hs1742,,2009,,
hs1743,,2017,3.0,season
hs1744,,2020,80.0,min
hs1745,,2018,3.0,season
hs1746,,2019,1.0,season
hs1747,,2016,4.0,season
hs1748,,2012,2.0,season
hs1749,,2014,1.0,season
hs1750,,2012,1.0,season
hs1751,,2018,1.0,season
hs1752,,2019,1.0,season
hs1753,,2014,1.0,season
hs1754,,2019,1.0,season
hs1755,,2019,1.0,season
hs1756,,2019,1.0,season
hs1757,,2014,3.0,season
hs1758,,2011,1.0,season
hs1759,,2019,,
hs1760,,2010,5.0,season
hs1761,,2020,1.0,season
hs1762,,2019,121.0,min
hs1763,,2018,84.0,min
hs1764,,2020,93.0,min
hs1765,,2020,1.0,season
hs1766,,2010,1.0,season
hs1767,,2016,3.0,season
hs1768,,2020,91.0,min
hs1769,,2017,3.0,season
hs1770,,2018,2.0,season
hs1771,,2017,1.0,season
hs1772,,2015,1.0,season
hs1773,,2016,2.0,season
hs1774,,2016,4.0,season
hs1775,,2019,1.0,season
hs1776,,2019,103.0,min
hs1777,,2020,1.0,season
hs1778,,2020,81.0,min
hs1779,,2020,1.0,season
hs1780,,2018,3.0,season
hs1781,,2019,,
hs1782,,2020,1.0,season
hs1783,,2020,1.0,season
hs1784,,2015,1.0,season
hs1785,,2005,14.0,season
hs1786,,2015,4.0,season
hs1787,,2017,4.0,season
hs1788,,2020,1.0,season
hs1789,,2009,3.0,season
hs1790,,2013,3.0,season
hs1791,,2003,6.0,season
hs1792,,2017,1.0,season
hs1793,,2019,2.0,season
hs1794,,2018,2.0,season
hs1795,,2018,2.0,season
hs1796,,2019,,
hs1797,,2013,90.0,min
hs1798,,2020,,
hs1799,,2014,94.0,min
hs1800,,2013,104.0,min
hs1801,,2018,90.0,min
hs1802,,2019,,
hs1803,,2017,2.0,season
hs1804,,2020,1.0,season
hs1805,,2019,105.0,min
hs1806,,2019,67.0,min
hs1807,,2020,1.0,season
hs1808,,2018,2.0,season
hs1809,,2020,,
hs1810,,2020,1.0,season
hs1811,,2020,,
hs1812,,2020,79.0,min
hs1813,,2020,,
hs1814,,2019,98.0,min
hs1815,,2015,1.0,season
hs1816,,2020,,
hs1817,,2019,97.0,min
hs1818,,2019,,
hs1819,,2018,1.0,season
hs1820,,2017,,
hs1821,,2020,,
hs1822,,2018,2.0,season
hs1823,,2020,,
hs1824,,2019,,
hs1825,,2015,,
hs1826,,2017,,
hs1827,,2013,,
hs1828,,2015,,
hs1829,,2017,1.0,season
hs1830,,2014,,
hs1831,,2015,,
hs1832,,2015,,
hs1833,,2015,,
hs1834,,2019,,
hs1835,,2012,1.0,season
hs1836,,2011,1.0,season
hs1837,,2015,1.0,season
hs1838,,2010,1.0,season
hs1839,,2015,1.0,season
hs1840,,2016,1.0,season
hs1841,,2014,2.0,season
hs1842,,2011,2.0,season
hs1843,,2009,1.0,season
hs1844,,2008,1.0,season
hs1845,,2013,1.0,season
hs1846,,2013,1.0,season
hs1847,,2012,1.0,season
hs1848,,2006,46.0,min
hs1849,,2014,44.0,min
hs1850,,2019,1.0,season
hs1851,,2006,51.0,min
hs1852,,2009,44.0,min
hs1853,,2014,,
hs1854,,2015,1.0,season
hs1855,,2013,1.0,season
hs1856,,2015,,
hs1857,,2011,1.0,season
hs1858,,1996,3.0,season
hs1859,,2014,1.0,season
hs1860,,2015,1.0,season
hs1861,,2016,1.0,season
hs1862,,2012,1.0,season
hs1863,,2013,,
hs1864,,2014,1.0,season
hs1865,,2015,2.0,season
hs1866,,2014,1.0,season
hs1867,,2015,1.0,season
hs1868,,2019,99.0,min
hs1869,,2019,110.0,min
hs1870,,2016,3.0,season
hs1871,,2009,5.0,season
hs1872,,2012,4.0,season
hs1873,,2018,1.0,season
hs1874,,2019,76.0,min
hs1875,,2016,4.0,season
hs1876,,2010,6.0,season
hs1877,,2010,6.0,season
hs1878,,2016,92.0,min
hs1879,,2019,1.0,season
hs1880,,2019,96.0,min
hs1881,,2014,88.0,min
hs1882,,2019,3.0,season
hs1883,,2010,83.0,min
hs1884,,2016,,
hs1885,,2011,113.0,min
hs1886,,2018,2.0,season
hs1887,,2018,2.0,season
hs1888,,2018,3.0,season
hs1889,,2019,104.0,min
hs1890,,1996,2.0,season
hs1891,,2019,,
hs1892,,2019,93.0,min
hs1893,,2010,1.0,season
hs1894,,2018,1.0,season
hs1895,,2007,5.0,season
hs1896,,2019,1.0,season
hs1897,,2018,1.0,season
hs1898,,2004,7.0,season
hs1899,,2014,6.0,season
hs1900,,2018,1.0,season
hs1901,,2013,,
hs1902,,2011,109.0,min
hs1903,,2019,,
hs1904,,2011,96.0,min
hs1905,,2014,95.0,min
hs1906,,2015,,
hs1907,,2012,58.0,min
hs1908,,2014,,
hs1909,,2013,130.0,min
hs1910,,2015,88.0,min
hs1911,,1988,96.0,min
hs1912,,2015,,
hs1913,,1988,99.0,min
hs1914,,2019,,
hs1915,,2017,,
hs1916,,2019,85.0,min
hs1917,,2010,95.0,min
hs1918,,2016,,
hs1919,,2014,97.0,min
hs1920,,2015,84.0,min
hs1921,,2016,,
hs1922,,2012,114.0,min
hs1923,,2013,,
hs1924,,2012,101.0,min
hs1925,,2011,90.0,min
hs1926,,2014,,
hs1927,,2017,,
hs1928,,2013,89.0,min
hs1929,,2012,102.0,min
hs1930,,2019,,
hs1931,,2014,,
hs1932,,2019,1.0,season
hs1933,,2019,100.0,min
hs1934,,2019,,
hs1935,,2016,4.0,season
hs1936,,2019,5.0,season
hs1937,,2019,1.0,season
hs1938,,2019,89.0,min
hs1939,,2018,,
hs1940,,2019,,
hs1941,,2014,3.0,season
hs1942,,2016,98.0,min
hs1943,,2014,71.0,min
hs1944,,2015,74.0,min
hs1945,,2016,94.0,min
hs1946,,2017,1.0,season
hs1947,,2017,1.0,season
hs1948,,2015,1.0,season
hs1949,,2019,1.0,season
hs1950,,2018,,
hs1951,,2010,1.0,season
hs1952,,2019,124.0,min
hs1953,,2019,100.0,min
hs1954,,2018,101.0,min
hs1955,,2019,,
hs1956,,2019,,
hs1957,,2017,3.0,season
hs1958,,2013,83.0,min
hs1959,,2018,102.0,min
hs1960,,2019,1.0,season
hs1961,,2006,46.0,min
hs1962,,2005,44.0,min
hs1963,,2006,51.0,min
hs1964,,2009,44.0,min
hs1965,,2019,1.0,season
hs1966,,2019,78.0,min
hs1967,,2019,,
hs1968,,2019,1.0,season
hs1969,,2019,,
hs1970,,2019,,
hs1971,,2019,96.0,min
hs1972,,2013,1.0,season
hs1973,,2018,1.0,season
hs1974,,2018,83.0,min
hs1975,,2006,1.0,season
hs1976,,2010,25.0,season
hs1977,,2017,1.0,season
hs1978,,2019,91.0,min
hs1979,,2019,97.0,min
hs1980,,2015,122.0,min
hs1981,,2011,,
hs1982,,2018,2.0,season
hs1983,,2019,1.0,season
hs1984,,2019,110.0,min
hs1985,,2019,,
hs1986,,2019,102.0,min
hs1987,,2019,95.0,min
hs1988,,2017,,
hs1989,,2017,84.0,min
hs1990,,2016,6.0,season
hs1991,,2019,1.0,season
hs1992,,2019,1.0,season
hs1993,,2019,1.0,season
hs1994,,2014,5.0,season
hs1995,,2019,1.0,season
hs1996,,2019,1.0,season
hs1997,,2018,92.0,min
hs1998,,2018,2.0,season
hs1999,,2019,,
hs2000,,2019,1.0,season
hs2001,,2016,110.0,min
hs2002,,2019,2.0,season
hs2003,,2019,1.0,season
hs2004,,2019,1.0,season
hs2005,,2019,1.0,season
hs2006,,2019,,
hs2007,,2019,1.0,season
hs2008,,2019,1.0,season
hs2009,,2015,4.0,season
hs2010,,2019,80.0,min
hs2011,,2003,85.0,min
hs2012,,2018,136.0,min
hs2013,,2015,1.0,season
hs2014,,2018,77.0,min
hs2015,,2018,91.0,min
hs2016,,2019,2.0,season
hs2017,,2019,1.0,season
hs2018,,2018,1.0,season
hs2019,,2019,,
hs2020,,1988,4.0,season
hs2021,,2018,2.0,season
hs2022,,2019,1.0,season
hs2023,,2019,1.0,season
hs2024,,2018,1.0,season
hs2025,,2018,2.0,season
hs2026,,2019,95.0,min
hs2027,,2019,120.0,min
hs2028,,2020,1.0,season
hs2029,,2019,1.0,season
hs2030,,2019,103.0,min
hs2031,,2018,2.0,season
hs2032,,2019,94.0,min
hs2033,,2019,,
hs2034,,2018,,
hs2035,,2018,89.0,min
hs2036,,2018,,
hs2037,,2019,,
hs2038,,2019,94.0,min
hs2039,,2019,1.0,season
hs2040,,2018,1.0,season
hs2041,,2017,1.0,season
hs2042,,2018,1.0,season
hs2043,,2019,2.0,season
hs2044,,2019,1.0,season
hs2045,,2019,80.0,min
hs2046,,2019,1.0,season
hs2047,,2018,89.0,min
hs2048,,2019,,
hs2049,,2019,,
hs2050,,2019,,
hs2051,,2019,,
hs2052,,2019,6.0,min
hs2053,,2019,,
hs2054,,2019,,
hs2055,,2016,4.0,season
hs2056,,2019,1.0,season
hs2057,,2019,85.0,min
hs2058,,2018,,
hs2059,,2019,1.0,season
hs2060,,2016,1.0,season
hs2061,,2018,98.0,min
hs2062,,2013,2.0,season
hs2063,,2019,1.0,season
hs2064,,2011,5.0,season
hs2065,,2018,93.0,min
hs2066,,2006,6.0,season
hs2067,,2018,1.0,season
hs2068,,2015,4.0,season
hs2069,,2015,6.0,season
hs2070,,2018,2.0,season
hs2071,,2020,1.0,season
hs2072,,2015,6.0,season
hs2073,,2020,1.0,season
hs2074,,2018,106.0,min
hs2075,,2019,106.0,min
hs2076,,2019,2.0,min
hs2077,,2012,6.0,season
hs2078,,1997,,
hs2079,,2012,7.0,season
hs2080,,2016,1.0,season
hs2081,,2019,1.0,season
hs2082,,2012,92.0,min
hs2083,,2008,2.0,season
hs2084,,2019,1.0,season
hs2085,,2019,87.0,min
hs2086,,2019,,
hs2087,,2018,123.0,min
hs2088,,2019,89.0,min
hs2089,,2019,93.0,min
hs2090,,2018,92.0,min
hs2091,,2019,,
hs2092,,2019,1.0,season
hs2093,,2019,99.0,min
hs2094,,2010,5.0,season
hs2095,,2015,95.0,min
hs2096,,2017,2.0,season
hs2097,,2016,,
hs2098,,2019,87.0,min
hs2099,,2017,2.0,season
hs2100,,2017,2.0,season
hs2101,,1986,7.0,season
hs2102,,2014,5.0,season
hs2103,,2019,,
hs2104,,2016,3.0,season
hs2105,,2018,,
hs2106,,2019,97.0,min
hs2107,,2019,95.0,min
hs2108,,2019,1.0,season
hs2109,,2019,,
hs2110,,2019,91.0,min
hs2111,,2018,,
hs2112,,2019,1.0,season
hs2113,,2018,100.0,min
hs2114,,2019,1.0,season
hs2115,,2019,1.0,season
hs2116,,2019,,
hs2117,,2017,82.0,min
hs2118,,2019,95.0,min
hs2119,,2019,1.0,season
hs2120,,2019,1.0,season
hs2121,,2019,1.0,season
hs2122,,2019,1.0,season
hs2123,,2019,1.0,season
hs2124,,2019,,
hs2125,,2019,,
hs2126,,2019,1.0,season
hs2127,,2019,1.0,season
hs2128,,2017,2.0,season
hs2129,,2019,1.0,season
hs2130,,2019,107.0,min
hs2131,,2019,84.0,min
hs2132,,2019,1.0,season
hs2133,,1923,101.0,min
hs2134,,2018,,
hs2135,,2019,1.0,season
hs2136,,2018,95.0,min
hs2137,,2019,,
hs2138,,2018,2.0,season
hs2139,,2018,118.0,min
hs2140,,2011,9.0,season
hs2141,,2018,105.0,min
hs2142,,2019,93.0,min
hs2143,,2015,,
hs2144,,2018,,
hs2145,,2019,,
hs2146,,2018,1.0,season
hs2147,,2019,,
hs2148,,2018,1.0,season
hs2149,,2018,1.0,season
hs2150,,2016,,
hs2151,,2019,,
hs2152,,2018,,
hs2153,,2016,,
hs2154,,2018,1.0,season
hs2155,,2019,4.0,season
hs2156,,2013,94.0,min
hs2157,,2018,,
hs2158,,2015,,
hs2159,,2018,1.0,season
hs2160,,2008,3.0,season
hs2161,,2017,2.0,season
hs2162,,2019,1.0,season
hs2163,,2017,3.0,season
hs2164,,2011,6.0,season
hs2165,,2003,7.0,season
hs2166,,2019,91.0,min
hs2167,,2019,,
hs2168,,2019,1.0,season
hs2169,,2017,108.0,min
hs2170,,2018,1.0,season
hs2171,,2005,9.0,season
hs2172,,2018,,
hs2173,,2016,,
hs2174,,1997,10.0,season
hs2175,,2018,,
hs2176,,2018,118.0,min
hs2177,,2017,2.0,season
hs2178,,2018,,
hs2179,,2019,1.0,season
hs2180,,2016,2.0,season
hs2181,,2019,1.0,season
hs2182,,2018,,
hs2183,,2014,4.0,season
hs2184,,2014,4.0,season
hs2185,,2019,85.0,min
hs2186,,2019,1.0,season
hs2187,,2019,1.0,season
hs2188,,2018,114.0,min
hs2189,,2019,99.0,min
hs2190,,2019,1.0,season
hs2191,,1957,87.0,min
hs2192,,2016,4.0,season
hs2193,,2014,5.0,season
hs2194,,1965,4.0,season
hs2195,,2018,87.0,min
hs2196,,1989,11.0,season
hs2197,,2017,1.0,season
hs2198,,2018,103.0,min
hs2199,,2019,1.0,season
hs2200,,2015,2.0,season
hs2201,,2016,2.0,season
hs2202,,2017,1.0,season
hs2203,,2016,2.0,season
hs2204,,2018,99.0,min
hs2205,,2017,1.0,season
hs2206,,2019,1.0,season
hs2207,,2019,1.0,season
hs2208,,2019,1.0,season
hs2209,,2019,1.0,season
hs2210,,2019,1.0,season
hs2211,,2013,6.0,season
hs2212,,2018,,
hs2213,,2019,85.0,min
hs2214,,2018,,
hs2215,,1984,3.0,season
hs2216,,2018,110.0,min
hs2217,,2018,,
hs2218,,2018,121.0,min
hs2219,,2019,1.0,season
hs2220,,2019,,
hs2221,,2018,108.0,min
hs2222,,2018,1.0,season
hs2223,,2015,2.0,season
hs2224,,2019,1.0,season
hs2225,,2002,1.0,season
hs2226,,2015,1.0,season
hs2227,,2018,,
hs2228,,2019,,
hs2229,,2014,5.0,season
hs2230,,2018,87.0,min
hs2231,,2019,,
hs2232,,2018,121.0,min
hs2233,,2018,1.0,season
hs2234,,2019,82.0,min
hs2235,,1964,87.0,min
hs2236,,2018,,
hs2237,,2019,1.0,season
hs2238,,1985,2.0,season
hs2239,,2018,96.0,min
hs2240,,2018,119.0,min
hs2241,,2017,3.0,season
hs2242,,1984,5.0,season
hs2243,,2018,,
hs2244,,2019,1.0,season
hs2245,,2019,1.0,season
hs2246,,2018,108.0,min
hs2247,,2018,,
hs2248,,2019,,
hs2249,,2018,,
hs2250,,2018,121.0,min
hs2251,,2013,7.0,season
hs2252,,2017,2.0,season
hs2253,,2010,2.0,season
hs2254,,2018,1.0,season
hs2255,,2017,,
hs2256,,2015,2.0,season
hs2257,,1986,65.0,min
hs2258,,2019,,
hs2259,,2019,88.0,min
hs2260,,2015,84.0,min
hs2261,,2018,88.0,min
hs2262,,2017,1.0,season
hs2263,,2018,120.0,min
hs2264,,2019,1.0,season
hs2265,,2018,100.0,min
hs2266,,2016,3.0,season
hs2267,,2007,2.0,season
hs2268,,2017,2.0,season
hs2269,,1998,1.0,season
hs2270,,2016,4.0,season
hs2271,,2015,,
hs2272,,2019,91.0,min
hs2273,,1997,5.0,season
hs2274,,2017,1.0,season
hs2275,,2009,9.0,season
hs2276,,2018,1.0,season
hs2277,,2018,113.0,min
hs2278,,1972,6.0,season
hs2279,,2018,,
hs2280,,2019,82.0,min
hs2281,,1953,,
hs2282,,2018,93.0,min
hs2283,,2018,,
hs2284,,2018,,
hs2285,,2019,1.0,season
hs2286,,2009,1.0,season
hs2287,,2010,1.0,season
hs2288,,2012,1.0,season
hs2289,,2018,1.0,season
hs2290,,1982,4.0,season
hs2291,,2017,1.0,season
hs2292,,2019,1.0,season
hs2293,,2019,,
hs2294,,2019,96.0,min
hs2295,,2009,3.0,season
hs2296,,2019,1.0,season
hs2297,,2019,1.0,season
hs2298,,2015,80.0,min
hs2299,,2018,,
hs2300,,2018,90.0,min
hs2301,,1997,5.0,season
hs2302,,2009,,
hs2303,,1989,103.0,min
hs2304,,2009,57.0,min
hs2305,,2001,91.0,min
hs2306,,1993,11.0,season
hs2307,,2017,102.0,min
hs2308,,2017,2.0,season
hs2309,,2017,,
hs2310,,2017,,
hs2311,,2018,84.0,min
hs2312,,2018,1.0,season
hs2313,,2014,,
hs2314,,2014,,
hs2315,,2015,,
hs2316,,2015,,
hs2317,,2005,,
hs2318,,2018,,
hs2319,,2015,2.0,season
hs2320,,2018,1.0,season
hs2321,,2004,8.0,season
hs2322,,2018,,
hs2323,,2018,,
hs2324,,2018,88.0,min
hs2325,,1983,2.0,season
hs2326,,2018,97.0,min
hs2327,,2011,4.0,season
hs2328,,2004,5.0,season
hs2329,,2007,7.0,season
hs2330,,2018,113.0,min
hs2331,,2009,6.0,season
hs2332,,2016,,
hs2333,,2018,1.0,season
hs2334,,2017,94.0,min
hs2335,,2016,2.0,season
hs2336,,2018,83.0,min
hs2337,,2012,1.0,season
hs2338,,2010,10.0,season
hs2339,,2016,4.0,season
hs2340,,2001,9.0,season
hs2341,,2017,116.0,min
hs2342,,2010,4.0,season
hs2343,,2018,92.0,min
hs2344,,2017,91.0,min
hs2345,,2013,1.0,season
hs2346,,2018,94.0,min
hs2347,,2017,,
hs2348,,2006,2.0,season
hs2349,,2018,111.0,min
hs2350,,2015,2.0,season
hs2351,,2018,1.0,season
hs2352,,2015,100.0,min
hs2353,,2017,99.0,min
hs2354,,2018,82.0,min
hs2355,,2005,2.0,season
hs2356,,2005,2.0,season
hs2357,,2017,,
hs2358,,1987,11.0,season
hs2359,,2017,,
hs2360,,2018,1.0,season
hs2361,,2018,93.0,min
hs2362,,1966,83.0,min
hs2363,,1997,13.0,season
hs2364,,2017,2.0,season
hs2365,,2018,130.0,min
hs2366,,2018,1.0,season
hs2367,,2017,130.0,min
hs2368,,2017,,
hs2369,,2010,1.0,season
hs2370,,2015,,
hs2371,,2016,96.0,min
hs2372,,2017,,
hs2373,,2001,5.0,season
hs2374,,2016,,
hs2375,,2009,,
hs2376,,2018,2.0,season
hs2377,,2010,1.0,season
hs2378,,2016,3.0,season
hs2379,,1997,8.0,season
hs2380,,2016,2.0,season
hs2381,,2010,1.0,season
hs2382,,2015,89.0,min
hs2383,,2018,83.0,min
hs2384,,2018,1.0,season
hs2385,,2006,5.0,season
hs2386,,2009,1.0,season
hs2387,,2012,6.0,season
hs2388,,2018,5.0,min
hs2389,,2009,6.0,season
hs2390,,2013,1.0,season
hs2391,,2010,1.0,season
hs2392,,2007,4.0,season
hs2393,,2018,6.0,min
hs2394,,2013,2.0,season
hs2395,,2007,4.0,season
hs2396,,2018,5.0,min
hs2397,,2009,3.0,season
hs2398,,2013,1.0,season
hs2399,,1982,6.0,season
hs2400,,2018,4.0,min
hs2401,,2018,4.0,min
hs2402,,2018,5.0,min
hs2403,,1950,,
hs2404,,2009,7.0,season
hs2405,,1970,7.0,season
hs2406,,2007,2.0,season
hs2407,,2018,4.0,min
hs2408,,2008,5.0,season
hs2409,,2006,4.0,season
hs2410,,2006,4.0,season
hs2411,,2018,4.0,min
hs2412,,2014,90.0,min
hs2413,,2018,1.0,season
hs2414,,2014,,
hs2415,,2017,86.0,min
hs2416,,2014,94.0,min
hs2417,,2016,3.0,season
hs2418,,2017,2.0,season
hs2419,,2010,1.0,season
hs2420,,2014,1.0,season
hs2421,,2018,1.0,season
hs2422,,2003,1.0,season
hs2423,,2017,2.0,season
hs2424,,2018,1.0,season
hs2425,,2015,2.0,season
hs2426,,2017,2.0,season
hs2427,,2018,1.0,season
hs2428,,2015,4.0,season
hs2429,,2010,2.0,season
hs2430,,2017,94.0,min
hs2431,,2017,1.0,season
hs2432,,2016,1.0,season
hs2433,,2018,1.0,season
hs2434,,2018,112.0,min
hs2435,,2013,1.0,season
hs2436,,2018,93.0,min
hs2437,,2015,1.0,season
hs2438,,2017,,
hs2439,,2017,108.0,min
hs2440,,2012,1.0,season
hs2441,,2014,2.0,season
hs2442,,2017,1.0,season
hs2443,,2006,1.0,season
hs2444,,2014,1.0,season
hs2445,,2015,4.0,season
hs2446,,2018,2.0,season
hs2447,,2013,4.0,season
hs2448,,2018,1.0,season
hs2449,,2018,74.0,min
hs2450,,2013,1.0,season
hs2451,,2018,1.0,season
hs2452,,2015,4.0,season
hs2453,,2017,1.0,season
hs2454,,2018,1.0,season
hs2455,,2018,1.0,season
hs2456,,2012,1.0,season
hs2457,,2011,2.0,season
hs2458,,2011,1.0,season
hs2459,,2014,1.0,season
hs2460,,2004,6.0,season
hs2461,,2012,1.0,season
hs2462,,2016,1.0,season
hs2463,,2014,4.0,season
hs2464,,2017,1.0,season
hs2465,,2016,1.0,season
hs2466,,2017,1.0,season
hs2467,,1972,11.0,season
hs2468,,2018,,
hs2469,,2015,81.0,min
hs2470,,2015,80.0,min
hs2471,,2013,1.0,season
hs2472,,2013,85.0,min
hs2473,,2016,2.0,season
hs2474,,2012,1.0,season
hs2475,,2015,2.0,season
hs2476,,2016,3.0,season
hs2477,,2011,3.0,season
hs2478,,1968,86.0,min
hs2479,,2011,2.0,season
hs2480,,2017,120.0,min
hs2481,,2014,2.0,season
hs2482,,2018,100.0,min
hs2483,,2018,,
hs2484,,2018,,
hs2485,,2018,,
hs2486,,2017,120.0,min
hs2487,,2017,120.0,min
hs2488,,2018,,
hs2489,,2018,1.0,season
hs2490,,2014,4.0,season
hs2491,,2013,90.0,min
hs2492,,2018,1.0,season
hs2493,,2005,4.0,season
hs2494,,2013,2.0,season
hs2495,,2015,1.0,season
hs2496,,2012,1.0,season
hs2497,,2015,1.0,season
hs2498,,2013,3.0,season
hs2499,,2013,1.0,season
hs2500,,2014,2.0,season
hs2501,,2014,1.0,season
hs2502,,2004,6.0,season
hs2503,,1959,87.0,min
hs2504,,2013,4.0,season
hs2505,,2018,93.0,min
hs2506,,2006,5.0,season
hs2507,,2018,83.0,min
hs2508,,2017,98.0,min
hs2509,,2018,1.0,season
hs2510,,2017,,
hs2511,,2009,113.0,min
hs2512,,2014,3.0,season
hs2513,,2018,1.0,season
hs2514,,2018,1.0,season
hs2515,,2012,2.0,season
hs2516,,2018,1.0,season
hs2517,,2013,1.0,season
hs2518,,2012,2.0,season
hs2519,,2005,1.0,season
hs2520,,2013,2.0,season
hs2521,,1951,95.0,min
hs2522,,1993,12.0,season
hs2523,,2018,76.0,min
hs2524,,2008,1.0,season
hs2525,,2016,3.0,season
hs2526,,2013,105.0,min
hs2527,,2014,1.0,season
hs2528,,2012,94.0,min
hs2529,,2010,1.0,season
hs2530,,2017,1.0,season
hs2531,,2017,,
hs2532,,2014,1.0,season
hs2533,,2016,2.0,season
hs2534,,2017,3.0,season
hs2535,,2018,1.0,season
hs2536,,2000,34.0,season
hs2537,,2014,,
hs2538,,2018,,
hs2539,,2014,2.0,season
hs2540,,2018,,
hs2541,,2009,,
hs2542,,2016,,
hs2543,,2019,,
hs2544,,2001,9.0,season
hs2545,,2013,83.0,min
hs2546,,2010,,
hs2547,,2016,2.0,season
hs2548,,2009,2.0,season
hs2549,,2017,93.0,min
hs2550,,2016,2.0,season
hs2551,,1965,,
hs2552,,2003,9.0,season
hs2553,,2017,1.0,season
hs2554,,2006,1.0,season
hs2555,,2015,5.0,season
hs2556,,2009,2.0,season
hs2557,,2010,4.0,season
hs2558,,1994,15.0,season
hs2559,,2011,2.0,season
hs2560,,2009,3.0,season
hs2561,,2007,3.0,season
hs2562,,1993,5.0,season
hs2563,,2012,5.0,season
hs2564,,2005,5.0,season
hs2565,,2012,6.0,season
hs2566,,2018,1.0,season
hs2567,,1999,,
hs2568,,2004,6.0,season
hs2569,,1995,3.0,season
hs2570,,1998,1.0,season
hs2571,,1990,3.0,season
hs2572,,1992,,
hs2573,,1995,44.0,min
hs2574,,1994,46.0,min
hs2575,,2009,1.0,season
hs2576,,2010,5.0,season
hs2577,,1961,5.0,season
hs2578,,1990,2.0,season
hs2579,,2013,1.0,season
hs2580,,2014,3.0,season
hs2581,,2007,6.0,season
hs2582,,1991,7.0,season
hs2583,,2012,1.0,season
hs2584,,2014,4.0,season
hs2585,,2017,1.0,season
hs2586,,2017,79.0,min
hs2587,,2000,7.0,season
hs2588,,2011,4.0,season
hs2589,,2017,,
hs2590,,2013,5.0,season
hs2591,,2014,2.0,season
hs2592,,2016,,
hs2593,,2017,2.0,season
hs2594,,2006,4.0,season
hs2595,,2005,5.0,season
hs2596,,2014,2.0,season
hs2597,,2017,93.0,min
hs2598,,2016,2.0,season
hs2599,,2017,1.0,season
hs2600,,2014,1.0,season
hs2601,,2010,1.0,season
hs2602,,2017,1.0,season
hs2603,,2015,3.0,season
hs2604,,2015,2.0,season
hs2605,,2016,1.0,season
hs2606,,2013,1.0,season
hs2607,,1999,54.0,min
hs2608,,2011,2.0,season
hs2609,,2017,1.0,season
hs2610,,2017,95.0,min
hs2611,,2016,2.0,season
hs2612,,2017,1.0,season
hs2613,,1999,10.0,season
hs2614,,2016,1.0,season
hs2615,,2017,1.0,season
hs2616,,2016,2.0,season
hs2617,,2017,1.0,season
hs2618,,2014,5.0,season
hs2619,,2015,4.0,season
hs2620,,2006,7.0,season
hs2621,,2012,3.0,season
hs2622,,2004,5.0,season
hs2623,,1989,9.0,season
hs2624,,2003,9.0,season
hs2625,,2016,1.0,season
hs2626,,2005,12.0,season
hs2627,,2015,3.0,season
hs2628,,1998,8.0,season
hs2629,,2012,5.0,season
hs2630,,2012,6.0,season
hs2631,,2013,2.0,season
hs2632,,2009,101.0,min
hs2633,,2012,91.0,min
hs2634,,2013,94.0,min
hs2635,,2010,93.0,min
hs2636,,2012,86.0,min
hs2637,,2010,91.0,min
hs2638,,2012,1.0,season
hs2639,,2009,1.0,season
hs2640,,2005,1.0,season
hs2641,,2012,1.0,season
hs2642,,2011,2.0,season
hs2643,,2010,2.0,season
hs2644,,2005,1.0,season
hs2645,,2006,2.0,season
hs2646,,2013,1.0,season
hs2647,,2012,1.0,season
hs2648,,2008,2.0,season
hs2649,,2014,1.0,season
hs2650,,2014,1.0,season
hs2651,,2007,1.0,season
hs2652,,2009,1.0,season
hs2653,,2003,1.0,season
hs2654,,2002,1.0,season
hs2655,,2005,1.0,season
hs2656,,2003,1.0,season
hs2657,,2014,1.0,season
hs2658,,2005,1.0,season
hs2659,,2003,1.0,season
hs2660,,2011,2.0,season
hs2661,,2001,1.0,season
hs2662,,2006,1.0,season
hs2663,,2009,2.0,season
hs2664,,2011,2.0,season
hs2665,,2012,2.0,season
hs2666,,2004,2.0,season
hs2667,,2007,1.0,season
hs2668,,2012,1.0,season
hs2669,,2003,1.0,season
hs2670,,2014,1.0,season
hs2671,,2011,2.0,season
hs2672,,2005,1.0,season
hs2673,,2008,1.0,season
hs2674,,2007,2.0,season
hs2675,,2010,1.0,season
hs2676,,2006,1.0,season
hs2677,,2014,1.0,season
hs2678,,2014,1.0,season
hs2679,,2011,1.0,season
hs2680,,2013,1.0,season
hs2681,,2009,1.0,season
hs2682,,2007,1.0,season
hs2683,,2014,9.0,season
hs2684,,2008,1.0,season
hs2685,,2009,1.0,season
hs2686,,2000,2.0,season
hs2687,,2006,1.0,season
hs2688,,2009,3.0,season
hs2689,,2006,1.0,season
hs2690,,2005,9.0,season
hs2691,,2014,2.0,season
hs2692,,2016,1.0,season
hs2693,,1981,7.0,season
hs2694,,2016,1.0,season
hs2695,,2008,1.0,season
hs2696,,2014,3.0,season
hs2697,,2010,8.0,season
hs2698,,2017,1.0,season
hs2699,,2015,2.0,season
hs2700,,2015,3.0,season
hs2701,,1972,92.0,min
hs2702,,1971,85.0,min
hs2703,,2012,3.0,season
hs2704,,2013,3.0,season
hs2705,,2010,4.0,season
hs2706,,2016,1.0,season
hs2707,,2009,4.0,season
hs2708,,2016,1.0,season
hs2709,,2012,2.0,season
hs2710,,1955,,
hs2711,,1954,,
hs2712,,1957,,
hs2713,,1950,90.0,min
hs2714,,1950,,
hs2715,,2012,2.0,season
hs2716,,2014,2.0,season
hs2717,,2017,79.0,min
hs2718,,1958,,
hs2719,,2015,2.0,season
hs2720,,2017,95.0,min
hs2721,,2016,2.0,season
hs2722,,2011,22.0,season
hs2723,,2017,93.0,min
hs2724,,2010,5.0,season
hs2725,,2014,2.0,season
hs2726,,1981,1.0,season
hs2727,,2015,1.0,season
hs2728,,2015,2.0,season
hs2729,,2002,56.0,min
hs2730,,2017,1.0,season
hs2731,,2002,7.0,season
hs2732,,2017,1.0,season
hs2733,,1953,,
hs2734,,2017,1.0,season
hs2735,,2011,1.0,season
hs2736,,2012,2.0,season
hs2737,,2015,1.0,season
hs2738,,2015,2.0,season
hs2739,,1988,125.0,min
hs2740,,1988,125.0,min
hs2741,,2008,2.0,season
hs2742,,1998,1.0,season
hs2743,,2016,1.0,season
hs2744,,2015,1.0,season
hs2745,,2008,2.0,season
hs2746,,2009,1.0,season
hs2747,,2011,1.0,season
hs2748,,2015,1.0,season
hs2749,,2006,1.0,season
hs2750,,2014,1.0,season
hs2751,,2013,1.0,season
hs2752,,1998,1.0,season
hs2753,,2015,1.0,season
hs2754,,2014,1.0,season
hs2755,,1992,4.0,season
hs2756,,2016,,
hs2757,,2007,2.0,season
hs2758,,2002,1.0,season
hs2759,,1996,1.0,season
hs2760,,2015,1.0,season
hs2761,,1995,1.0,season
hs2762,,1985,7.0,season
hs2763,,2013,4.0,season
hs2764,,2017,1.0,season
hs2765,,2014,3.0,season
hs2766,,2011,7.0,season
hs2767,,2016,1.0,season
hs2768,,2017,1.0,season
hs2769,,2012,3.0,season
hs2770,,2016,2.0,season
hs2771,,2013,4.0,season
hs2772,,2013,4.0,season
hs2773,,2014,3.0,season
hs2774,,1984,92.0,min
hs2775,,2016,1.0,season
hs2776,,2016,101.0,min
hs2777,,2004,8.0,season
hs2778,,2016,1.0,season
hs2779,,1998,6.0,season
hs2780,,2011,5.0,season
hs2781,,2016,1.0,season
hs2782,,2015,2.0,season
hs2783,,2015,2.0,season
hs2784,,2016,1.0,season
hs2785,,2001,10.0,season
hs2786,,2016,,
hs2787,,2016,1.0,season
hs2788,,2010,6.0,season
hs2789,,2009,6.0,season
hs2790,,2012,4.0,season
hs2791,,2001,29.0,season
hs2792,,2010,7.0,season
hs2793,,2011,3.0,season
hs2794,,2010,3.0,season
hs2795,,2014,2.0,season
hs2796,,2015,1.0,season
hs2797,,2011,2.0,season
hs2798,,2016,1.0,season
hs2799,,2014,3.0,season
hs2800,,2013,2.0,season
hs2801,,1995,1.0,season
hs2802,,2010,3.0,season
hs2803,,2009,4.0,season
hs2804,,2012,1.0,season
hs2805,,2005,2.0,season
hs2806,,2013,2.0,season
hs2807,,2006,1.0,season
hs2808,,2004,3.0,season
hs2809,,2012,2.0,season
hs2810,,2011,7.0,season
hs2811,,2013,3.0,season
hs2812,,2013,,
hs2813,,2016,1.0,season
hs2814,,2014,3.0,season
hs2815,,2006,9.0,season
hs2816,,2006,9.0,season
hs2817,,1983,6.0,season
hs2818,,2007,9.0,season
hs2819,,1998,6.0,season
hs2820,,2016,1.0,season
hs2821,,2012,2.0,season
hs2822,,1990,1.0,season
hs2823,,1996,2.0,season
hs2824,,2001,1.0,season
hs2825,,2016,1.0,season
hs2826,,2016,1.0,season
hs2827,,2016,1.0,season
hs2828,,2016,1.0,season
hs2829,,1988,5.0,season
hs2830,,1992,1.0,season
hs2831,,1993,1.0,season
hs2832,,1994,1.0,season
hs2833,,2016,1.0,season
hs2834,,2008,1.0,season
hs2835,,2009,,
hs2836,,2015,2.0,season
hs2837,,2016,1.0,season
hs2838,,2006,1.0,season
hs2839,,2011,3.0,season
hs2840,,2008,1.0,season
hs2841,,2013,2.0,season
hs2842,,2015,,
hs2843,,1992,5.0,season
hs2844,,2008,1.0,season
hs2845,,2015,1.0,season
hs2846,,2015,1.0,season
hs2847,,2015,1.0,season
hs2848,,1991,3.0,season
hs2849,,2001,3.0,season
hs2850,,1967,6.0,season
hs2851,,2010,2.0,season
hs2852,,2015,1.0,season
hs2853,,2015,1.0,season
hs2854,,2015,1.0,season
hs2855,,2015,1.0,season
hs2856,,2015,1.0,season
hs2857,,2004,4.0,season
hs2858,,2009,6.0,season
hs2859,,2012,5.0,season
hs2860,,2012,2.0,season
hs2861,,2014,74.0,min
hs2862,,2013,3.0,season
hs2863,,2008,1.0,season
hs2864,,2015,1.0,season
hs2865,,2015,1.0,season
hs2866,,2015,1.0,season
hs2867,,2015,1.0,season
hs2868,,2008,1.0,season
hs2869,,2015,1.0,season
hs2870,,2013,2.0,season
hs2871,,2015,1.0,season
hs2872,,2014,1.0,season
hs2873,,2015,1.0,season
hs2874,,2015,1.0,season
hs2875,,2015,1.0,season
hs2876,,2015,1.0,season
hs2877,,2015,1.0,season
hs2878,,2011,3.0,season
hs2879,,2010,2.0,season
hs2880,,2013,,
hs2881,,2014,1.0,season
hs2882,,1988,4.0,season
hs2883,,2014,1.0,season
hs2884,,2012,8.0,season
hs2885,,2012,3.0,season
hs2886,,2015,1.0,season
hs2887,,2005,4.0,season
hs2888,,2007,71.0,min
hs2889,,2004,6.0,season
hs2890,,2008,7.0,season
hs2891,,2015,1.0,season
hs2892,,2015,1.0,season
hs2893,,2012,3.0,season
hs2894,,2000,16.0,season
hs2895,,2000,16.0,season
hs2896,,2014,1.0,season
hs2897,,2015,1.0,season
hs2898,,2013,2.0,season
hs2899,,2008,88.0,min
hs2900,,2012,91.0,min
hs2901,,2008,3.0,season
hs2902,,2006,1.0,season
hs2903,,2015,1.0,season
hs2904,,2015,1.0,season
hs2905,,2012,2.0,season
hs2906,,2009,1.0,season
hs2907,,1985,87.0,min
hs2908,,2012,,
hs2909,,2013,,
hs2910,,2004,5.0,season
hs2911,,2009,2.0,season
hs2912,,2011,3.0,season
hs2913,,1998,7.0,season
hs2914,,2013,2.0,season
hs2915,,2006,1.0,season
hs2916,,2009,1.0,season
hs2917,,2005,4.0,season
hs2918,,2014,1.0,season
hs2919,,2014,1.0,season
hs2920,,2014,1.0,season
hs2921,,2002,1.0,season
hs2922,,1999,1.0,season
hs2923,,2014,1.0,season
hs2924,,2010,5.0,season
hs2925,,2013,2.0,season
hs2926,,2010,2.0,season
hs2927,,2014,,
hs2928,,1992,7.0,season
hs2929,,1996,11.0,season
hs2930,,2009,5.0,season
hs2931,,1969,5.0,season
hs2932,,1990,8.0,season
hs2933,,2011,3.0,season
hs2934,,2014,1.0,season
hs2935,,1989,7.0,season
hs2936,,2005,7.0,season
hs2937,,1990,10.0,season
hs2938,,1982,11.0,season
hs2939,,2005,4.0,season
hs2940,,1978,5.0,season
hs2941,,1970,5.0,season
hs2942,,1969,86.0,min
hs2943,,1988,94.0,min
hs2944,,1973,25.0,min
hs2945,,1971,25.0,min
hs2946,,1999,87.0,min
hs2947,,1972,81.0,min
hs2948,,1972,26.0,min
hs2949,,2005,5.0,season
hs2950,,2013,1.0,season
hs2951,,2006,26.0,season
hs2952,,1998,,
hs2953,,2013,1.0,season
hs2954,,1999,11.0,season
hs2955,,2012,1.0,season
hs2956,,2009,,
hs2957,,2012,1.0,season
hs2958,,2008,1.0,season
hs2959,,1993,,
hs2960,,2008,,
hs2961,,2002,1.0,season
hs2962,,2007,1.0,season
hs2963,,2009,1.0,season
hs2964,,2001,5.0,season
hs2965,,2000,1.0,season
hs2966,,2006,1.0,season
hs2967,,2013,1.0,season
hs2968,,2009,5.0,season
hs2969,,2005,1.0,season
hs2970,,2013,1.0,season
hs2971,,2009,1.0,season
hs2972,,2007,3.0,season
hs2973,,2013,1.0,season
hs2974,,1992,6.0,season
hs2975,,1983,4.0,season
hs2976,,2013,1.0,season
hs2977,,2011,2.0,season
hs2978,,2005,1.0,season
hs2979,,2008,4.0,season
hs2980,,2006,12.0,season
hs2981,,2011,2.0,season
hs2982,,2009,4.0,season
hs2983,,2011,84.0,min
hs2984,,2009,1.0,season
hs2985,,2009,1.0,season
hs2986,,2013,1.0,season
hs2987,,2013,1.0,season
hs2988,,2003,3.0,season
hs2989,,2013,2.0,season
hs2990,,2004,11.0,season
hs2991,,2007,5.0,season
hs2992,,1951,6.0,season
hs2993,,2001,8.0,season
hs2994,,2011,,
hs2995,,2012,1.0,season
hs2996,,2011,1.0,season
hs2997,,2008,1.0,season
hs2998,,2005,1.0,season
hs2999,,2005,3.0,season
hs3000,,2005,4.0,season
hs3001,,2012,1.0,season
hs3002,,2012,1.0,season
hs3003,,2012,1.0,season
hs3004,,2011,2.0,season
hs3005,,2002,10.0,season
hs3006,,2012,1.0,season
hs3007,,2006,8.0,season
hs3008,,2007,1.0,season
hs3009,,2010,2.0,season
hs3010,,2006,1.0,season
hs3011,,2011,1.0,season
hs3012,,2011,1.0,season
hs3013,,2006,1.0,season
hs3014,,2004,1.0,season
hs3015,,2005,1.0,season
hs3016,,1995,1.0,season
hs3017,,2001,5.0,season
hs3018,,2007,1.0,season
hs3019,,2008,1.0,season
hs3020,,2008,2.0,season
hs3021,,2006,1.0,season
hs3022,,2004,2.0,season
hs3023,,2010,1.0,season
hs3024,,2006,2.0,season
hs3025,,2009,1.0,season
hs3026,,2004,3.0,season
hs3027,,2008,2.0,season
hs3028,,2010,2.0,season
hs3029,,2000,4.0,season
hs3030,,2007,1.0,season
hs3031,,1998,3.0,season
hs3032,,2001,1.0,season
hs3033,,2006,1.0,season
hs3034,,2004,1.0,season
hs3035,,2001,3.0,season
hs3036,,2006,1.0,season
hs3037,,2001,1.0,season
hs3038,,2007,1.0,season
hs3039,,2008,1.0,season
hs3040,,2000,7.0,season
hs3041,,2007,1.0,season
hs3042,,2006,1.0,season
hs3043,,1989,4.0,season
hs3044,,1965,3.0,season
hs3045,,2006,1.0,season
hs3046,,1999,5.0,season
hs3047,,2003,3.0,season
hs3048,,2014,1.0,season
hs3049,,2014,1.0,season
hs3050,,2009,1.0,season
hs3051,,1997,7.0,season
hs3052,,2012,1.0,season
hs3053,,2002,1.0,season
hs3054,,1993,11.0,season
hs3055,,1996,5.0,season
hs3056,,2009,6.0,season
hs3057,,2009,2.0,season
hs3058,,2005,7.0,season
hs3059,,2005,6.0,season
hs3060,,2007,5.0,season
hs3061,,2001,6.0,season
hs3062,,1999,3.0,season
hs3063,,1996,7.0,season
hs3064,,2009,1.0,season
hs3065,,2015,2.0,season
hs3066,,1995,7.0,season
hs3067,,2001,4.0,season
hs3068,,1989,7.0,season
hs3069,,1966,3.0,season
hs3070,,1997,7.0,season
hs3071,,2011,1.0,season
hs3072,,1959,5.0,season
hs3073,,2009,1.0,season
